precision,recall,fscore,thresholds
0.05005005005005005,1.0,0.09532888465204958,0.0
0.07001414427157002,0.99,0.130779392338177,0.15024714513882695
0.06869688385269122,0.97,0.12830687830687834,0.1665994679925257
0.0673758865248227,0.95,0.12582781456953643,0.18416136814915346
0.06742370475514549,0.95,0.12591119946984758,0.18801676676382015
0.06747159090909091,0.95,0.12599469496021223,0.1907362736312452
0.06751954513148543,0.95,0.126078301260783,0.1944902856501466
0.06761565836298933,0.95,0.12624584717607976,0.19597754407384854
0.06766381766381767,0.95,0.12632978723404256,0.20087127310368505
0.06776034236804565,0.95,0.12649800266311584,0.2061922257499309
0.06709493219129194,0.94,0.12524983344437043,0.2072361371706902
0.06714285714285714,0.94,0.12533333333333332,0.21409325122462802
0.06719085060757685,0.94,0.1254169446297532,0.2151615765776164
0.06723891273247497,0.94,0.1255006675567423,0.22769431803406956
0.06728704366499642,0.94,0.12558450233800936,0.22841361323374745
0.0673352435530086,0.94,0.12566844919786097,0.2284161182932617
0.06738351254480286,0.94,0.12575250836120402,0.2290614236454256
0.06743185078909612,0.94,0.12583668005354753,0.2332591956502087
0.0674802584350323,0.94,0.1259209645010047,0.2347230189106113
0.06752873563218391,0.94,0.1260053619302949,0.2347601991670105
0.06757728253055356,0.94,0.1260898725687458,0.23547437380581626
0.06762589928057554,0.94,0.1261744966442953,0.23610371249160345
0.06767458603311735,0.94,0.1262592343854936,0.2368049910501327
0.06772334293948126,0.94,0.12634408602150538,0.2397610011799242
0.06777217015140591,0.94,0.1264290517821116,0.2405882652421748
0.0664259927797834,0.92,0.12390572390572391,0.2406343683017152
0.06647398843930635,0.92,0.12398921832884097,0.24147147612274136
0.06652205350686913,0.92,0.12407282535401214,0.2423749184807383
0.06657018813314038,0.92,0.1241565452091768,0.2436767464925832
0.0666183924692252,0.92,0.12424037812288995,0.2440791566264065
0.06666666666666667,0.92,0.12432432432432433,0.24493375061361225
0.06671501087744743,0.92,0.12440838404327248,0.2449357343593053
0.06681190994916485,0.92,0.12457684495599186,0.246264384720506
0.06686046511627906,0.92,0.12466124661246612,0.2482368590701913
0.0669090909090909,0.92,0.1247457627118644,0.25109134079965617
0.06695778748180495,0.92,0.1248303934871099,0.2542077748966547
0.06700655498907501,0.92,0.1249151391717583,0.2581642892307224
0.06705539358600583,0.92,0.125,0.2603026644235446
0.06710430342815463,0.92,0.12508497620666212,0.26031312819093616
0.06715328467153285,0.92,0.1251700680272109,0.26106386514709684
0.06720233747260775,0.92,0.12525527569775358,0.2612653371068893
0.06725146198830409,0.92,0.12534059945504086,0.26517554272333194
0.06730065837600585,0.92,0.125426039536469,0.2656746595110447
0.06734992679355783,0.92,0.12551159618008184,0.26573021204615205
0.0673992673992674,0.92,0.12559726962457338,0.26590236990221083
0.06744868035190615,0.92,0.1256830601092896,0.27048526029844605
0.06676449009537784,0.91,0.12440191387559808,0.2723177866040256
0.06681350954478708,0.91,0.12448700410396718,0.2723626920808007
0.0668626010286554,0.91,0.12457221081451061,0.2728947399603148
0.0661764705882353,0.9,0.12328767123287672,0.2748523284095215
0.06622516556291391,0.9,0.12337217272104181,0.27510344607348025
0.0662739322533137,0.9,0.1234567901234568,0.2765677614051371
0.06632277081798084,0.9,0.12354152367879204,0.27725420900789616
0.06637168141592921,0.9,0.12362637362637365,0.2772549363243229
0.06642066420664207,0.9,0.12371134020618557,0.27729535562181584
0.06646971935007386,0.9,0.12379642365887207,0.27755692278976424
0.06651884700665188,0.9,0.12388162422573983,0.2786064547197687
0.06656804733727811,0.9,0.12396694214876033,0.2796026266510946
0.06661732050333087,0.9,0.12405237767057202,0.279704050012817
0.06666666666666667,0.9,0.12413793103448276,0.2800955953515091
0.06671608598962195,0.9,0.12422360248447205,0.2801573108017065
0.06676557863501484,0.9,0.12430939226519336,0.2802018858125493
0.066815144766147,0.9,0.12439530062197651,0.28031829140758685
0.06686478454680535,0.9,0.12448132780082988,0.2804082436845366
0.06691449814126393,0.9,0.12456747404844289,0.2805790471724469
0.06696428571428571,0.9,0.12465373961218837,0.28059995331657656
0.06701414743112435,0.9,0.12474012474012475,0.2810768027316459
0.06706408345752608,0.9,0.12482662968099861,0.2814105687103506
0.06711409395973154,0.9,0.12491325468424705,0.2817559548237981
0.0664179104477612,0.89,0.12361111111111112,0.2817596129768222
0.06572068707991038,0.88,0.12230715774843641,0.28208593580570945
0.06576980568011959,0.88,0.1223922114047288,0.28220270723684115
0.06581899775617053,0.88,0.12247738343771748,0.2823713792291434
0.0658682634730539,0.88,0.12256267409470753,0.28342221482812585
0.06591760299625468,0.88,0.12264808362369338,0.2834766662201997
0.06601650412603151,0.88,0.12281926029309143,0.28417270913040954
0.06606606606606606,0.88,0.12290502793296089,0.2842266823694538
0.06611570247933884,0.88,0.12299091544374563,0.2845288360172139
0.06541353383458647,0.87,0.12167832167832167,0.2850653146993605
0.0654627539503386,0.87,0.12176347095871239,0.2855769610788221
0.06551204819277108,0.87,0.1218487394957983,0.2858187264284445
0.06556141672946496,0.87,0.12193412754029433,0.2861612766062734
0.06561085972850679,0.87,0.12201963534361852,0.2866209790836823
0.06566037735849056,0.87,0.12210526315789472,0.28711413816303216
0.06570996978851963,0.87,0.12219101123595505,0.2875702462096245
0.06575963718820861,0.87,0.12227687983134222,0.2876974188284071
0.06580937972768533,0.87,0.12236286919831225,0.28936926025956794
0.06585919757759273,0.87,0.12244897959183673,0.2897664064352565
0.0659090909090909,0.87,0.12253521126760562,0.2914198736558697
0.06595905989385899,0.87,0.1226215644820296,0.2918011859014246
0.06600910470409711,0.87,0.12270803949224258,0.2935058980787916
0.06605922551252848,0.87,0.12279463655610445,0.2941160022607902
0.06534954407294832,0.86,0.12146892655367231,0.29421663121421177
0.06539923954372624,0.86,0.12155477031802121,0.29444455980301404
0.0654988575780655,0.86,0.12172682236376506,0.2950967673809446
0.06554878048780488,0.86,0.12181303116147309,0.2964869434943202
0.06559877955758962,0.86,0.12189936215450035,0.2973436994866221
0.06564885496183206,0.86,0.12198581560283689,0.2975473418323708
0.06569900687547746,0.86,0.12207239176721077,0.2980568747005389
0.06574923547400612,0.86,0.1221590909090909,0.29851373550886506
0.06584992343032159,0.86,0.12233285917496442,0.29862252577216586
0.06590038314176246,0.86,0.12241992882562278,0.2986977657961428
0.06595092024539877,0.86,0.1225071225071225,0.2987109142466274
0.06600153491941672,0.86,0.12259444048467567,0.29999999999999993
0.06615384615384616,0.86,0.12285714285714289,0.30000000000000016
0.06620477290223249,0.86,0.12294496068620445,0.3000000000000005
0.0662557781201849,0.86,0.123032904148784,0.3004745479609595
0.06630686198920586,0.86,0.12312097351467431,0.3006416233550868
0.06635802469135803,0.86,0.12320916905444128,0.30092706670658503
0.06640926640926641,0.86,0.12329749103942651,0.30182322395503586
0.06646058732612056,0.86,0.12338593974175037,0.30214957171838225
0.06651198762567673,0.86,0.12347451543431445,0.30250887613267435
0.06656346749226007,0.86,0.12356321839080461,0.30360140272878583
0.06666666666666667,0.86,0.1237410071942446,0.30470433957324244
0.06671838634600466,0.86,0.1238300935925126,0.30527448886419223
0.06677018633540373,0.86,0.1239193083573487,0.3060199839687357
0.06682206682206682,0.86,0.12400865176640229,0.30622527935581273
0.06687402799377916,0.86,0.1240981240981241,0.3064296573829485
0.0669260700389105,0.86,0.12418772563176894,0.3069113501131676
0.06697819314641744,0.86,0.12427745664739884,0.30775646789826483
0.06703039750584568,0.86,0.12436731742588576,0.3089945714402039
0.06708268330733229,0.86,0.12445730824891461,0.3092596852692031
0.06713505074160812,0.86,0.12454742939898625,0.30943321785612393
0.0671875,0.86,0.1246376811594203,0.3096409765393721
0.06724003127443315,0.86,0.12472806381435823,0.3099336991383149
0.06651017214397496,0.85,0.12336719883889695,0.3099964525453133
0.06656225528582616,0.85,0.1234567901234568,0.3100460616359281
0.06583072100313479,0.84,0.12209302325581395,0.3100537056931318
0.06588235294117648,0.84,0.12218181818181818,0.31064638229641905
0.06593406593406594,0.84,0.12227074235807861,0.3107787822185412
0.06598586017282011,0.84,0.12235979606700656,0.3109017491169878
0.0660377358490566,0.84,0.12244897959183675,0.3113998742215863
0.06608969315499606,0.84,0.1225382932166302,0.3116217534754931
0.06614173228346457,0.84,0.12262773722627737,0.3118373883634721
0.06619385342789598,0.84,0.12271731190650109,0.31257232148782044
0.06624605678233439,0.84,0.12280701754385966,0.31290424584243043
0.06629834254143646,0.84,0.12289685442574982,0.3131668060774014
0.06635071090047394,0.84,0.12298682284040996,0.31325193493401626
0.06640316205533597,0.84,0.1230769230769231,0.3133205971149719
0.06645569620253164,0.84,0.12316715542521993,0.31349925812490353
0.0665083135391924,0.84,0.12325752017608217,0.3135851682377613
0.06661379857256146,0.84,0.12343864805290228,0.31426968052712506
0.06666666666666667,0.84,0.12352941176470587,0.31426968052725274
0.06671961874503574,0.84,0.12362030905077262,0.3142696805273529
0.06677265500794913,0.84,0.12371134020618556,0.3142696805273543
0.06693227091633466,0.84,0.12398523985239851,0.3142696805273545
0.06698564593301436,0.84,0.1240768094534712,0.3147421033190842
0.0670391061452514,0.84,0.12416851441241683,0.3156434429992835
0.0670926517571885,0.84,0.1242603550295858,0.3158436354222883
0.0671462829736211,0.84,0.12435233160621761,0.3165267811162242
0.0672,0.84,0.12444444444444443,0.3165929461100717
0.06725380304243395,0.84,0.12453669384729428,0.3173336838519794
0.0673076923076923,0.84,0.12462908011869435,0.3184769161432891
0.06655974338412189,0.83,0.12323682256867113,0.3187720473775644
0.06581059390048154,0.82,0.12184249628528974,0.3191849527035687
0.06586345381526104,0.82,0.12193308550185873,0.3193306794520513
0.06591639871382636,0.82,0.1220238095238095,0.3195184002273919
0.06596942880128721,0.82,0.12211466865227104,0.3195241548712729
0.06602254428341385,0.82,0.12220566318926976,0.3195241548712735
0.06607574536663981,0.82,0.12229679343773303,0.3198166608142245
0.06612903225806452,0.82,0.12238805970149254,0.3198168867805773
0.06618240516545601,0.82,0.12247946228528753,0.3200246386386782
0.06623586429725363,0.82,0.12257100149476831,0.3200701897027985
0.06628940986257073,0.82,0.12266267763649963,0.3203515281185511
0.06634304207119741,0.82,0.12275449101796407,0.32088149332170063
0.06639676113360324,0.82,0.12284644194756554,0.3210384794061432
0.06645056726094004,0.82,0.12293853073463269,0.32146518037464084
0.0665044606650446,0.82,0.12303075768942236,0.3214922717488039
0.06655844155844155,0.82,0.12312312312312311,0.3215502604229947
0.06661251015434606,0.82,0.12321562734785875,0.3216356736470614
0.06666666666666667,0.82,0.12330827067669173,0.3217258565485929
0.06672091131000814,0.82,0.1234010534236268,0.32177540227005763
0.06677524429967427,0.82,0.12349397590361445,0.3217913385065585
0.06682966585167074,0.82,0.12358703843255464,0.32216787838617783
0.06693877551020408,0.82,0.12377358490566036,0.32255437906322343
0.06699346405228758,0.82,0.12386706948640483,0.3228800461307067
0.06623058053965658,0.81,0.12244897959183673,0.3231761713147623
0.06546644844517185,0.8,0.12102874432677761,0.3232316863524312
0.06557377049180328,0.8,0.12121212121212123,0.3235968389098093
0.06562756357670221,0.8,0.12130401819560273,0.32387120780893824
0.06568144499178982,0.8,0.12139605462822459,0.3239678100489634
0.06578947368421052,0.8,0.121580547112462,0.3252783332604868
0.06589785831960461,0.8,0.121765601217656,0.3254289503398539
0.06595218466611706,0.8,0.12185833968012186,0.32563298947697
0.066006600660066,0.8,0.12195121951219512,0.3256480667348497
0.06606110652353427,0.8,0.12204424103737604,0.3259249479256565
0.06617038875103391,0.8,0.12223071046600459,0.3259861843755719
0.06622516556291391,0.8,0.12232415902140674,0.3260670035473198
0.06628003314001657,0.8,0.1224177505738332,0.32607299507228393
0.06633499170812604,0.8,0.1225114854517611,0.32626661245392075
0.06639004149377593,0.8,0.12260536398467434,0.3262855903215162
0.0664451827242525,0.8,0.1226993865030675,0.3264504413644885
0.06650041562759768,0.8,0.12279355333844974,0.32800686135809193
0.06655574043261231,0.8,0.1228878648233487,0.3284005073261073
0.06661115736885928,0.8,0.12298232129131438,0.328717590716715
0.06672226855713094,0.8,0.12317167051578136,0.3289039525478311
0.0667779632721202,0.8,0.12326656394453005,0.3291027684430127
0.06683375104427736,0.8,0.1233616037008481,0.3295951301628577
0.06688963210702341,0.8,0.12345679012345678,0.3299284288872675
0.06694560669456066,0.8,0.12355212355212354,0.3302204968053377
0.06700167504187604,0.8,0.12364760432766615,0.3304485300045541
0.06705783738474434,0.8,0.12374323279195669,0.3307189138830628
0.06711409395973154,0.8,0.1238390092879257,0.3307189138830721
0.06717044500419815,0.8,0.12393493415956622,0.33071891388307323
0.06722689075630252,0.8,0.12403100775193798,0.33071891388307384
0.06661045531197302,0.79,0.12286158631415241,0.33071891388307395
0.06672297297297297,0.79,0.12305295950155762,0.3307189138830741
0.06677937447168217,0.79,0.12314886983632115,0.3307189138830752
0.06683587140439932,0.79,0.1232449297971919,0.33072209545887377
0.06689246401354784,0.79,0.12334113973458236,0.3309702975427912
0.06694915254237288,0.79,0.1234375,0.3309702975427931
0.06700593723494487,0.79,0.12353401094605161,0.3311562909743876
0.06706281833616298,0.79,0.12363067292644757,0.3316354124841824
0.06711979609175871,0.79,0.12372748629600627,0.3317628067163827
0.06717687074829932,0.79,0.12382445141065831,0.3325629631838212
0.06723404255319149,0.79,0.12392156862745099,0.33271287162883617
0.06734867860187553,0.79,0.12411626080125686,0.332938893315871
0.0674061433447099,0.79,0.12421383647798742,0.3330329117714395
0.06746370623398805,0.79,0.12431156569630214,0.3330408478282604
0.06752136752136752,0.79,0.12440944881889762,0.3331264010482765
0.06757912745936698,0.79,0.12450748620961387,0.33333320000040034
0.06763698630136987,0.79,0.1246056782334385,0.3333613490254513
0.0676949443016281,0.79,0.12470402525651143,0.33367845869826324
0.06689536878216124,0.78,0.12322274881516589,0.33399840021019
0.06609442060085836,0.77,0.1217391304347826,0.33435771878231274
0.0661512027491409,0.77,0.1218354430379747,0.3350969129311168
0.06620808254514188,0.77,0.12193190815518606,0.33525108035516143
0.06626506024096386,0.77,0.12202852614896989,0.3360707668849427
0.06632213608957795,0.77,0.12212529738302934,0.3362209348253093
0.06637931034482758,0.77,0.12222222222222222,0.33670729976279073
0.06643658326143227,0.77,0.12231930103256553,0.3368098695143465
0.06563039723661486,0.76,0.12082670906200318,0.3368606870430182
0.06568712186689715,0.76,0.12092283214001592,0.3377184178349298
0.0657439446366782,0.76,0.12101910828025476,0.3377524317538226
0.0658008658008658,0.76,0.12111553784860558,0.33778047975440195
0.0658578856152513,0.76,0.12121212121212122,0.33802345728287264
0.06591500433651344,0.76,0.12130885873902633,0.3380255296684734
0.06597222222222222,0.76,0.12140575079872205,0.33823167300995555
0.06602953953084274,0.76,0.12150279776179056,0.33834391472796826
0.06608695652173913,0.76,0.1216,0.33913294431699004
0.06614447345517842,0.76,0.12169735788630906,0.33966830615173554
0.06620209059233449,0.76,0.12179487179487179,0.3397616048688863
0.06625980819529206,0.76,0.1218925421010425,0.3399564535999726
0.06631762652705062,0.76,0.12199036918138043,0.33996958781988645
0.06637554585152838,0.76,0.12208835341365462,0.340115018558554
0.06643356643356643,0.76,0.12218649517684887,0.3403303129673245
0.06649168853893263,0.76,0.12228479485116653,0.34111092649099634
0.06654991243432574,0.76,0.12238325281803544,0.3418148889274592
0.06660823838737949,0.76,0.1224818694601128,0.34185605279929243
0.06666666666666667,0.76,0.12258064516129032,0.34197514317369365
0.06672519754170325,0.76,0.12267958030669895,0.3421271118037648
0.06678383128295255,0.76,0.12277867528271406,0.3423425669523673
0.06684256816182937,0.76,0.12287793047696038,0.34244403186738864
0.06690140845070422,0.76,0.12297734627831713,0.3424470659679939
0.06696035242290749,0.76,0.12307692307692308,0.3429311138955624
0.06701940035273368,0.76,0.12317666126418152,0.34299717028501764
0.06707855251544571,0.76,0.1232765612327656,0.34344615698306585
0.06713780918727916,0.76,0.12337662337662339,0.3434721036949945
0.06631299734748011,0.75,0.12185215272136476,0.3439920932373373
0.06637168141592921,0.75,0.12195121951219515,0.3444533040242773
0.06643046944198405,0.75,0.12205044751830756,0.34448365936405834
0.06648936170212766,0.75,0.1221498371335505,0.344837426778432
0.06654835847382432,0.75,0.12224938875305623,0.3448856140564989
0.06660746003552398,0.75,0.12234910277324633,0.3449458087546504
0.06666666666666667,0.75,0.12244897959183675,0.3449772891440996
0.06672597864768683,0.75,0.12254901960784313,0.34506561724303497
0.06678539626001781,0.75,0.12264922322158626,0.34536954990363955
0.06684491978609626,0.75,0.12274959083469722,0.3453744906523584
0.06690454950936664,0.75,0.12285012285012285,0.3457602357081348
0.06696428571428571,0.75,0.12295081967213116,0.3458065563307001
0.06702412868632708,0.75,0.12305168170631665,0.34588465689040504
0.06708407871198568,0.75,0.1231527093596059,0.3460309396093458
0.06714413607878246,0.75,0.12325390304026296,0.3461557131424167
0.06720430107526881,0.75,0.12335526315789473,0.3464509315914797
0.06726457399103139,0.75,0.1234567901234568,0.3466073792651368
0.06732495511669659,0.75,0.12355848434925866,0.3467276047917549
0.0673854447439353,0.75,0.12366034624896949,0.34683194115692034
0.06744604316546762,0.75,0.12376237623762375,0.3470619222877316
0.0675067506750675,0.75,0.12386457473162675,0.3472859890205283
0.06756756756756757,0.75,0.12396694214876035,0.3476188180503035
0.06762849413886383,0.75,0.12406947890818856,0.3476677516280957
0.06768953068592058,0.75,0.12417218543046359,0.3482191497117008
0.06775067750677506,0.75,0.12427506213753106,0.3482191497117021
0.06781193490054249,0.75,0.12437810945273631,0.3484787032450826
0.06787330316742081,0.75,0.12448132780082988,0.3487187479548973
0.06793478260869565,0.75,0.1245847176079734,0.3499271061118763
0.06799637352674524,0.75,0.12468827930174563,0.3499271061118784
0.06805807622504537,0.75,0.12479201331114809,0.3499271061118806
0.0681198910081744,0.75,0.12489592006661117,0.34992710611188177
0.06824385805277525,0.75,0.12510425354462051,0.3499271061118819
0.06830601092896176,0.75,0.12520868113522537,0.34992710611188205
0.06836827711941659,0.75,0.12531328320802004,0.3499271061118823
0.0684931506849315,0.75,0.12552301255230125,0.3499271061118825
0.06795224977043159,0.74,0.12447434819175779,0.3499271061118826
0.06807727690892364,0.74,0.12468407750631845,0.34992710611188266
0.06728110599078341,0.73,0.12320675105485232,0.3499271061119197
0.06734317343173432,0.73,0.1233108108108108,0.3499271061120017
0.06740535549399815,0.73,0.12341504649196955,0.3499754833497782
0.06746765249537892,0.73,0.12351945854483924,0.350126653800217
0.06753006475485661,0.73,0.12362404741744284,0.3503145891386437
0.06759259259259259,0.73,0.12372881355932203,0.35062975618679165
0.06672845227062095,0.72,0.12213740458015268,0.3513091207126059
0.06679035250463822,0.72,0.12224108658743632,0.35138510996752537
0.06685236768802229,0.72,0.12234494477485132,0.351434490256192
0.06691449814126393,0.72,0.12244897959183672,0.3518751009997837
0.06697674418604652,0.72,0.12255319148936171,0.3518879530401448
0.0670391061452514,0.72,0.12265758091993184,0.3532571868094027
0.06710158434296365,0.72,0.1227621483375959,0.35355339059327084
0.06716417910447761,0.72,0.12286689419795223,0.35394507329761504
0.06722689075630252,0.72,0.12297181895815543,0.3541513709670454
0.06728971962616823,0.72,0.12307692307692307,0.35417334300012576
0.06735266604303088,0.72,0.12318220701454234,0.3544469253854965
0.06747891283973759,0.72,0.12339331619537276,0.3544502142489598
0.0675422138836773,0.72,0.1234991423670669,0.3546800604269782
0.0676056338028169,0.72,0.12360515021459226,0.3549427577657693
0.06766917293233082,0.72,0.12371134020618556,0.35517373850157274
0.06773283160865474,0.72,0.12381771281169389,0.3552453507518417
0.06786050895381715,0.72,0.12403100775193798,0.35552128037813713
0.0679886685552408,0.72,0.12424503882657464,0.3563976319661349
0.06805293005671077,0.72,0.12435233160621761,0.35640577546783964
0.06811731315042574,0.72,0.12445980985306827,0.3564262014147514
0.06818181818181818,0.72,0.12456747404844291,0.3565559603900903
0.06824644549763033,0.72,0.12467532467532466,0.35688690134636825
0.0683111954459203,0.72,0.12478336221837089,0.3571475772177585
0.06837606837606838,0.72,0.12489158716392021,0.3571821790355119
0.06844106463878327,0.72,0.125,0.3574921102037301
0.06857142857142857,0.72,0.12521739130434784,0.35755849784947463
0.06863679694947569,0.72,0.12532637075718017,0.3575701852348259
0.06870229007633588,0.72,0.1254355400696864,0.3578254491191179
0.06876790830945559,0.72,0.12554489973844815,0.3579541645361503
0.06883365200764818,0.72,0.1256544502617801,0.3582530174123918
0.06889952153110047,0.72,0.12576419213973797,0.3582577450666089
0.06896551724137931,0.72,0.12587412587412586,0.358497966283765
0.06903163950143816,0.72,0.12598425196850394,0.35859817643481895
0.0690978886756238,0.72,0.12609457092819615,0.3587094279021568
0.069164265129683,0.72,0.126205083260298,0.3587183534870933
0.06923076923076923,0.72,0.12631578947368421,0.3589733520268426
0.06929740134744947,0.72,0.12642669007901666,0.3591262106846767
0.06936416184971098,0.72,0.1265377855887522,0.3591880825425442
0.06943105110896818,0.72,0.12664907651715038,0.3592523184662933
0.0694980694980695,0.72,0.1267605633802817,0.359330968347676
0.06963249516441006,0.72,0.12698412698412698,0.35939160971544004
0.0696999031945789,0.72,0.1270962047661077,0.35941120198621096
0.06983511154219205,0.72,0.1273209549071618,0.3599942276074191
0.06997084548104957,0.72,0.12754650132860937,0.36012575350563963
0.07003891050583658,0.72,0.1276595744680851,0.3604050954709232
0.07010710808179163,0.72,0.12777284826974267,0.3612019908964248
0.07017543859649122,0.72,0.12788632326820604,0.3617190359817417
0.0702439024390244,0.72,0.128,0.3620142073596282
0.0703125,0.72,0.12811387900355872,0.3620395873054338
0.06940371456500488,0.71,0.12644701691896706,0.3620677421197056
0.06947162426614481,0.71,0.1265597147950089,0.36218161217933387
0.0696078431372549,0.71,0.12678571428571428,0.36227480380164057
0.06967615309126594,0.71,0.12689901697944592,0.3627576859627913
0.06974459724950884,0.71,0.12701252236135957,0.3628329765131409
0.06981317600786627,0.71,0.1271262309758281,0.3629729533305395
0.06988188976377953,0.71,0.12724014336917563,0.3630962251391122
0.06995073891625615,0.71,0.1273542600896861,0.3631983228679385
0.07001972386587771,0.71,0.1274685816876122,0.36349765971937975
0.0700888450148075,0.71,0.1275831087151842,0.3635112334498662
0.07015810276679842,0.71,0.1276978417266187,0.3643747417998883
0.0702274975272008,0.71,0.1278127812781278,0.3645447794922107
0.0702970297029703,0.71,0.12792792792792793,0.3649382494636936
0.07036669970267592,0.71,0.12804328223624886,0.3651483716701108
0.07043650793650794,0.71,0.12815884476534295,0.36564600255412977
0.070506454816286,0.71,0.1282746160794941,0.3660689840304812
0.0705765407554672,0.71,0.12839059674502715,0.3660921870882397
0.07064676616915423,0.71,0.12850678733031676,0.3664297682323537
0.06879361914257229,0.69,0.12511332728921123,0.3668222083382531
0.0688622754491018,0.69,0.12522686025408347,0.3673507181749421
0.06893106893106893,0.69,0.12534059945504086,0.367459188889354
0.069,0.69,0.12545454545454546,0.3676572329495828
0.06906906906906907,0.69,0.12556869881710644,0.3684467581683888
0.06813627254509018,0.68,0.12386156648451731,0.3684898727130751
0.06820461384152457,0.68,0.12397447584320875,0.3685817638402685
0.06827309236947791,0.68,0.12408759124087593,0.3691222317593459
0.06834170854271357,0.68,0.12420091324200913,0.369137287776919
0.06841046277665996,0.68,0.12431444241316271,0.3703086797310771
0.06747230614300101,0.67,0.12259835315645014,0.3703225224321092
0.06754032258064516,0.67,0.1227106227106227,0.3703786432833995
0.06760847628657922,0.67,0.12282309807516041,0.3704413598744086
0.06767676767676768,0.67,0.12293577981651378,0.3716152713895939
0.06774519716885744,0.67,0.12304866850321397,0.3716558738570302
0.06781376518218624,0.67,0.12316176470588235,0.3717325414303258
0.06788247213779129,0.67,0.12327506899724013,0.3722472561810879
0.06693711967545639,0.66,0.12154696132596685,0.3726532483260248
0.06700507614213198,0.66,0.1216589861751152,0.3726779962498943
0.06707317073170732,0.66,0.12177121771217714,0.3726779962499585
0.0671414038657172,0.66,0.12188365650969529,0.3726779962499607
0.06720977596741344,0.66,0.12199630314232901,0.3726779962499617
0.0672782874617737,0.66,0.122109158186864,0.3726779962499629
0.0673469387755102,0.66,0.12222222222222222,0.3726779962499635
0.06741573033707865,0.66,0.12233549582947173,0.372677996249964
0.06748466257668712,0.66,0.12244897959183675,0.3726779962499642
0.06666666666666667,0.65,0.12093023255813953,0.3726779962499643
0.06673511293634497,0.65,0.12104283054003726,0.3726779962499644
0.06694129763130793,0.65,0.12138188608776844,0.3726779962499645
0.06701030927835051,0.65,0.12149532710280374,0.3726779962499646
0.06707946336429309,0.65,0.12160898035547242,0.3726779962499647
0.06728778467908902,0.65,0.1219512195121951,0.3726779962499648
0.06645898234683281,0.64,0.12041392285983067,0.3726779962499649
0.0667361835245047,0.64,0.12086874409820585,0.37267799624996495
0.06610703043022036,0.63,0.11965811965811965,0.37267799624996506
0.06624605678233439,0.63,0.11988582302568981,0.3726779962499651
0.06546990496304118,0.62,0.11843361986628463,0.3726779962499653
0.06574761399787911,0.62,0.11888782358581017,0.3726779962499655
0.06475583864118896,0.61,0.11708253358925143,0.3726779962499656
0.06482465462274177,0.61,0.11719500480307397,0.372677996249966
0.06489361702127659,0.61,0.1173076923076923,0.3726779962499661
0.06496272630457935,0.61,0.11742059672762273,0.3726779962499671
0.0650319829424307,0.61,0.11753371868978806,0.3726779962499673
0.06510138740661686,0.61,0.11764705882352941,0.3726779962499762
0.06517094017094018,0.61,0.11776061776061776,0.3726779962499801
0.06524064171122995,0.61,0.1178743961352657,0.37267799624998016
0.06531049250535331,0.61,0.11798839458413926,0.3726779962499876
0.06538049303322616,0.61,0.11810261374636981,0.3726779962502216
0.06545064377682404,0.61,0.11821705426356588,0.3730727065112589
0.06552094522019335,0.61,0.11833171677982542,0.3730975860571161
0.06559139784946237,0.61,0.11844660194174758,0.3740785583895464
0.06566200215285253,0.61,0.11856171039844508,0.3742217519057017
0.06573275862068965,0.61,0.11867704280155643,0.37458885489529536
0.06580366774541532,0.61,0.11879259980525803,0.37474502740400656
0.06587473002159827,0.61,0.1189083820662768,0.3755221271523971
0.06594594594594595,0.61,0.11902439024390246,0.3757258755185668
0.06601731601731602,0.61,0.119140625,0.3761253191960164
0.06608884073672806,0.61,0.11925708699902249,0.3762368509717521
0.06616052060737528,0.61,0.11937377690802349,0.37627939384697545
0.06623235613463627,0.61,0.11949069539666993,0.3764788213604893
0.06630434782608696,0.61,0.11960784313725492,0.3764929411067181
0.06637649619151251,0.61,0.11972522080471049,0.3766203750715265
0.0664488017429194,0.61,0.11984282907662085,0.3768206729992557
0.06652126499454744,0.61,0.11996066863323501,0.3773425399612946
0.0665938864628821,0.61,0.12007874015748032,0.3780375526577095
0.06557377049180328,0.6,0.1182266009852217,0.37826671870694
0.06564551422319474,0.6,0.11834319526627218,0.3794837740227936
0.06462212486308871,0.59,0.11648568608094767,0.3798619551534621
0.06469298245614036,0.59,0.11660079051383401,0.3798910101078337
0.06476399560922064,0.59,0.11671612265084075,0.3802702960496791
0.06483516483516484,0.59,0.11683168316831685,0.3802845659807565
0.06490649064906491,0.59,0.11694747274529237,0.3806546944817378
0.06497797356828194,0.59,0.11706349206349208,0.38073677681164253
0.06504961411245866,0.59,0.11717974180734855,0.38148304545531214
0.06512141280353201,0.59,0.11729622266401589,0.3816402852167695
0.06526548672566372,0.59,0.11752988047808767,0.3818215230409971
0.06533776301218161,0.59,0.11764705882352938,0.3819021891373489
0.06430155210643015,0.58,0.11576846307385229,0.3819759534951088
0.06326304106548279,0.57,0.11388611388611389,0.3823187734808715
0.06333333333333334,0.57,0.114,0.3827942945401435
0.06340378197997776,0.57,0.11411411411411411,0.3828190538891684
0.06347438752783964,0.57,0.11422845691382764,0.3835147280287168
0.06354515050167224,0.57,0.1143430290872618,0.3836396384133727
0.06361607142857142,0.57,0.1144578313253012,0.3836515324697367
0.06375838926174497,0.57,0.11468812877263583,0.38368104775815975
0.06390134529147982,0.57,0.11491935483870967,0.3838678689394832
0.06397306397306397,0.57,0.11503531786074672,0.3859232523131717
0.06404494382022471,0.57,0.11515151515151513,0.3864402643781416
0.06411698537682789,0.57,0.11526794742163801,0.3875620116703681
0.06418918918918919,0.57,0.11538461538461538,0.38929461461617626
0.06426155580608793,0.57,0.11550151975683888,0.38976076946136745
0.06433408577878104,0.57,0.11561866125760649,0.3898715049482529
0.06440677966101695,0.57,0.11573604060913704,0.39024909705934996
0.06447963800904978,0.57,0.11585365853658539,0.3904154324683629
0.06462585034013606,0.57,0.11608961303462323,0.3904395254322645
0.06469920544835414,0.57,0.11620795107033638,0.3908452437208758
0.06477272727272727,0.57,0.11632653061224489,0.39223227027637214
0.06484641638225255,0.57,0.11644535240040858,0.3931276373390936
0.06492027334851937,0.57,0.1165644171779141,0.39344125316188855
0.06506849315068493,0.57,0.11680327868852457,0.3938100507146866
0.06514285714285714,0.57,0.11692307692307691,0.3952191625449044
0.06521739130434782,0.57,0.11704312114989734,0.3952847075210471
0.06536697247706422,0.57,0.11728395061728394,0.3955613058622576
0.06544202066590127,0.57,0.11740473738414006,0.3958212215815911
0.06436781609195402,0.56,0.11546391752577319,0.39665929414143225
0.06444188722669736,0.56,0.11558307533539733,0.3974312598409204
0.06451612903225806,0.56,0.11570247933884299,0.3974466311838521
0.06459054209919261,0.56,0.11582213029989658,0.3981126085090628
0.06466512702078522,0.56,0.11594202898550726,0.3981126085090629
0.06473988439306358,0.56,0.11606217616580311,0.3981969407379343
0.06481481481481481,0.56,0.11618257261410789,0.3987674878972717
0.06373117033603708,0.55,0.11422637590861891,0.3991386234442565
0.06380510440835267,0.55,0.11434511434511437,0.3991661539546661
0.06387921022067364,0.55,0.11446409989594172,0.3998474733555715
0.06395348837209303,0.55,0.11458333333333334,0.39990842666536425
0.0640279394644936,0.55,0.11470281543274245,0.39999848112404585
0.0641025641025641,0.55,0.11482254697286012,0.3999999999999964
0.06417736289381563,0.55,0.11494252873563218,0.3999999999999996
0.06425233644859812,0.55,0.11506276150627616,0.40041920175202544
0.06432748538011696,0.55,0.11518324607329843,0.400424502550812
0.06440281030444965,0.55,0.11530398322851154,0.4013429912453512
0.06447831184056271,0.55,0.1154249737670514,0.4015890493244985
0.06455399061032864,0.55,0.11554621848739498,0.401779858614702
0.06462984723854288,0.55,0.11566771819137749,0.4028419705054895
0.06470588235294118,0.55,0.11578947368421055,0.4042234127095264
0.06478209658421673,0.55,0.11591148577449947,0.40524193666569497
0.06485849056603774,0.55,0.1160337552742616,0.4060582852379466
0.06501182033096926,0.55,0.11627906976744186,0.4067234278977441
0.0650887573964497,0.55,0.11640211640211641,0.4077835946605042
0.06516587677725119,0.55,0.11652542372881358,0.40824829046386296
0.06524317912218268,0.55,0.11664899257688228,0.40871186375727603
0.06532066508313539,0.55,0.11677282377919321,0.4100327856133079
0.06539833531510107,0.55,0.11689691817215728,0.4105325729706967
0.06547619047619048,0.55,0.11702127659574468,0.4114503858032192
0.06555423122765197,0.55,0.11714589989350373,0.4115962209657588
0.06563245823389022,0.55,0.11727078891257997,0.4116302681365535
0.06571087216248507,0.55,0.11739594450373533,0.4122268661954565
0.06578947368421052,0.55,0.11752136752136752,0.4125468543690449
0.0658682634730539,0.55,0.11764705882352944,0.412750880592182
0.06594724220623502,0.55,0.11777301927194861,0.4132564084343557
0.06602641056422569,0.55,0.11789924973204717,0.4159847815616069
0.06610576923076923,0.55,0.11802575107296137,0.4172246851051991
0.06618531889290012,0.55,0.11815252416756175,0.41724389330339295
0.06626506024096386,0.55,0.11827956989247312,0.4177733802988712
0.06642512077294686,0.55,0.11853448275862069,0.4189693756701813
0.06650544135429262,0.55,0.11866235167206042,0.4191954735290538
0.06658595641646489,0.55,0.11879049676025917,0.4206818586584519
0.06666666666666667,0.55,0.11891891891891891,0.4209298476055964
0.06674757281553398,0.55,0.11904761904761905,0.4209667794958845
0.06682867557715674,0.55,0.11917659804983748,0.4215575319998168
0.06690997566909976,0.55,0.1193058568329718,0.42203614995320904
0.06699147381242387,0.55,0.11943539630836048,0.4252804086845586
0.06707317073170732,0.55,0.11956521739130434,0.4256067434988112
0.06715506715506715,0.55,0.11969532100108814,0.4263037700590048
0.06601466992665037,0.54,0.11764705882352941,0.4269267723866614
0.0661764705882353,0.54,0.11790393013100436,0.4275026435261671
0.06503067484662577,0.53,0.11584699453551912,0.4279670974291441
0.06511056511056511,0.53,0.11597374179431072,0.4283300066112972
0.06396063960639606,0.52,0.1139101861993428,0.4286125705494699
0.06403940886699508,0.52,0.11403508771929825,0.4308330848558246
0.06411837237977805,0.52,0.1141602634467618,0.4313646462601857
0.06419753086419754,0.52,0.1142857142857143,0.4313994462075443
0.06427688504326329,0.52,0.11441144114411439,0.4330127018922173
0.06435643564356436,0.52,0.11453744493392069,0.4330127018922186
0.0644361833952912,0.52,0.11466372657111355,0.43301270189221935
0.06451612903225806,0.52,0.11479028697571744,0.4330127018922194
0.06467661691542288,0.52,0.1150442477876106,0.4341380759254643
0.0647571606475716,0.52,0.11517165005537097,0.4370232187423533
0.06359102244389027,0.51,0.11308203991130819,0.4370274225139692
0.062421972534332085,0.5,0.11098779134295227,0.4379475885241327
0.0625,0.5,0.1111111111111111,0.4380551139571132
0.0625782227784731,0.5,0.11123470522803114,0.4383791868262453
0.06265664160401002,0.5,0.111358574610245,0.4384261647729885
0.06273525721455459,0.5,0.11148272017837237,0.4424274557846472
0.06281407035175879,0.5,0.11160714285714285,0.4424412507171189
0.06289308176100629,0.5,0.111731843575419,0.4433755491759173
0.06297229219143577,0.5,0.11185682326621925,0.4448083785514279
0.06305170239596469,0.5,0.11198208286674133,0.4475268424557069
0.06313131313131314,0.5,0.11210762331838565,0.4476704659383453
0.06329113924050633,0.5,0.11235955056179776,0.4482960905608918
0.06337135614702155,0.5,0.11248593925759282,0.449256505881854
0.06345177664974619,0.5,0.1126126126126126,0.4555184734208114
0.06353240152477764,0.5,0.11273957158962795,0.4567433743216298
0.06361323155216285,0.5,0.11286681715575622,0.4583801633881233
0.06369426751592357,0.5,0.11299435028248588,0.458693478175855
0.06377551020408163,0.5,0.11312217194570136,0.4597138161371484
0.06385696040868455,0.5,0.11325028312570783,0.461250107467032
0.0639386189258312,0.5,0.11337868480725624,0.4673599918210315
0.06402048655569782,0.5,0.11350737797956867,0.4682725918121608
0.0641025641025641,0.5,0.11363636363636363,0.4714045207907425
0.06418485237483953,0.5,0.11376564277588168,0.4714045207909296
0.06426735218508997,0.5,0.11389521640091116,0.4714045207910093
0.06435006435006435,0.5,0.11402508551881416,0.4714045207910265
0.06443298969072164,0.5,0.1141552511415525,0.4714045207910289
0.06459948320413436,0.5,0.11441647597254004,0.4714045207910305
0.0646830530401035,0.5,0.11454753722794961,0.4714045207910316
0.0648508430609598,0.5,0.11481056257175662,0.4714045207910317
0.06493506493506493,0.5,0.11494252873563217,0.4734470472652365
0.06501950585175553,0.5,0.11507479861910243,0.474885936565174
0.06510416666666667,0.5,0.11520737327188942,0.4753609467122932
0.0651890482398957,0.5,0.11534025374855825,0.4891991134661778
0.06527415143603134,0.5,0.11547344110854504,0.49077428499162207
0.06535947712418301,0.5,0.11560693641618498,0.4945255768104302
0.06544502617801047,0.5,0.11574074074074073,0.4992770206755892
0.0655307994757536,0.5,0.11587485515643106,0.4992820625387854
0.06561679790026247,0.5,0.1160092807424594,0.4999999999998915
0.0657030223390276,0.5,0.11614401858304298,0.4999999999999065
0.06578947368421052,0.5,0.11627906976744186,0.4999999999999881
0.06587615283267458,0.5,0.11641443538998837,0.4999999999999936
0.06596306068601583,0.5,0.11655011655011654,0.5
0.06622516556291391,0.5,0.11695906432748539,0.5000000000000003
0.06631299734748011,0.5,0.11709601873536302,0.53404606931961
0.06640106241699867,0.5,0.11723329425556858,0.5345224838248488
0.06657789613848203,0.5,0.11750881316098709,0.5817163040511129
0.06533333333333333,0.49,0.11529411764705881,0.8164965809277259
0.06542056074766354,0.49,0.11542991755005888,0.99
