name,score,label_raw,label
0_0,0.30000000000000016,0,0
0_1,0.99,0,0
0_2,0.3726779962499642,0,0
0_3,0.3726779962499649,0,0
0_4,0.0,0,0
0_5,0.0,0,0
0_6,0.0,0,0
0_7,0.3726779962499642,1,1
0_8,0.3726779962499649,0,0
0_9,0.0,0,0
0_10,0.3513091207126059,0,0
0_11,0.99,0,0
0_12,0.0,0,0
0_13,0.99,0,0
0_14,0.99,0,0
0_15,0.99,0,0
0_16,0.0,0,0
0_17,0.99,0,0
0_18,0.99,0,0
0_19,0.0,0,0
0_20,0.0,0,0
0_21,0.0,0,0
0_22,0.4209298476055964,0,0
0_23,0.0,0,0
0_24,0.3262855903215162,0,0
0_25,0.0,0,0
0_26,0.99,0,0
0_27,0.99,0,0
0_28,0.99,0,0
0_29,0.29999999999999993,0,0
0_30,0.0,0,0
0_31,0.99,0,0
0_32,0.15024714513882695,1,1
0_33,0.99,0,0
0_34,0.99,0,0
0_35,0.15024714513882695,1,1
0_36,0.99,0,0
1_0,0.30943321785612393,0,0
1_1,0.3092596852692031,0,0
1_2,0.99,0,0
1_3,0.99,0,0
1_4,0.0,0,0
1_5,0.0,0,0
1_6,0.0,0,0
1_7,0.99,0,0
1_8,0.99,0,0
1_9,0.0,0,0
1_10,0.99,0,0
1_11,0.3578254491191179,0,0
1_12,0.0,0,0
1_13,0.34580655633070007,0,0
1_14,0.99,0,0
1_15,0.2858187264284445,0,0
1_16,0.0,0,0
1_17,0.344885614056499,0,0
1_18,0.99,0,0
1_19,0.0,0,0
1_20,0.0,0,0
1_21,0.0,0,0
1_22,0.4308330848558246,0,0
1_23,0.0,0,0
1_24,0.99,0,0
1_25,0.0,0,0
1_26,0.36206774211970555,0,0
1_27,0.99,0,0
1_28,0.37989101010783366,0,0
1_29,0.2804082436845366,0,0
1_30,0.0,0,0
1_31,0.3518751009997837,0,0
1_32,0.99,0,0
1_33,0.99,0,0
1_34,0.34683194115692034,0,0
1_35,0.99,0,0
1_36,0.40672342789774407,0,0
2_0,0.99,0,0
2_1,0.3377184178349298,0,0
2_2,0.99,0,0
2_3,0.39528470752104705,0,0
2_4,0.23325919565020872,0,0
2_5,0.0,0,0
2_6,0.22841361323374745,0,0
2_7,0.99,0,0
2_8,0.39528470752104705,0,0
2_9,0.0,0,0
2_10,0.99,0,0
2_11,0.99,0,0
2_12,0.99,0,0
2_13,0.99,0,0
2_14,0.99,0,0
2_15,0.99,0,0
2_16,0.99,0,0
2_17,0.99,0,0
2_18,0.99,0,0
2_19,0.0,0,0
2_20,0.0,0,0
2_21,0.0,0,0
2_22,0.99,1,1
2_23,0.0,0,0
2_24,0.99,0,0
2_25,0.0,0,0
2_26,0.99,0,0
2_27,0.36349765971937975,0,0
2_28,0.37474502740400656,0,0
2_29,0.99,0,0
2_30,0.0,0,0
2_31,0.0,0,0
2_32,0.0,0,0
2_33,0.99,0,0
2_34,0.30182322395503586,0,0
2_35,0.0,0,0
2_36,0.99,0,0
3_0,0.2861612766062734,0,0
3_1,0.2842266823694538,0,0
3_2,0.3828190538891684,0,0
3_3,0.99,0,0
3_4,0.99,0,0
3_5,0.0,0,0
3_6,0.99,0,0
3_7,0.3827942945401435,0,0
3_8,0.99,0,0
3_9,0.0,0,0
3_10,0.28506531469936053,0,0
3_11,0.99,0,0
3_12,0.99,0,0
3_13,0.99,0,0
3_14,0.99,0,0
3_15,0.99,0,0
3_16,0.99,0,0
3_17,0.99,0,0
3_18,0.300927066706585,0,0
3_19,0.0,0,0
3_20,0.0,0,0
3_21,0.0,0,0
3_22,0.99,0,0
3_23,0.0,0,0
3_24,0.3499271061120017,0,0
3_25,0.0,0,0
3_26,0.99,0,0
3_27,0.3726779962499651,0,0
3_28,0.99,0,0
3_29,0.99,0,0
3_30,0.0,0,0
3_31,0.0,0,0
3_32,0.35031458913864366,0,0
3_33,0.99,0,0
3_34,0.99,0,0
3_35,0.19597754407384857,0,0
3_36,0.3999999999999964,0,0
4_0,0.36227480380164057,0,0
4_1,0.35870942790215676,0,0
4_2,0.32626661245392075,0,0
4_3,0.99,0,0
4_4,0.4077835946605042,0,0
4_5,0.0,0,0
4_6,0.408711863757276,0,0
4_7,0.32564806673484975,0,0
4_8,0.99,0,0
4_9,0.0,0,0
4_10,0.99,0,0
4_11,0.33071891388307384,0,0
4_12,0.0,0,0
4_13,0.2765677614051371,0,0
4_14,0.99,0,0
4_15,0.3142696805273543,0,0
4_16,0.0,0,0
4_17,0.28208593580570945,0,0
4_18,0.99,0,0
4_19,0.0,0,0
4_20,0.0,0,0
4_21,0.0,0,0
4_22,0.99,0,0
4_23,0.0,0,0
4_24,0.99,0,0
4_25,0.0,0,0
4_26,0.99,0,0
4_27,0.37627939384697545,0,0
4_28,0.29999999999999993,0,0
4_29,0.99,0,0
4_30,0.0,0,0
4_31,0.31257232148782044,0,0
4_32,0.99,0,0
4_33,0.36493824946369363,0,0
4_34,0.99,0,0
4_35,0.99,0,0
4_36,0.99,0,0
5_0,0.99,1,1
5_1,0.99,1,1
5_2,0.99,1,1
5_3,0.3135851682377613,0,0
5_4,0.41254685436904487,0,0
5_5,0.0,0,0
5_6,0.3938100507146866,0,0
5_7,0.99,1,1
5_8,0.3135851682377613,0,0
5_9,0.0,0,0
5_10,0.4286125705494699,0,0
5_11,0.29862252577216586,0,0
5_12,0.0,0,0
5_13,0.99,0,0
5_14,0.99,0,0
5_15,0.99,0,0
5_16,0.0,0,0
5_17,0.99,0,0
5_18,0.99,0,0
5_19,0.0,0,0
5_20,0.0,0,0
5_21,0.0,0,0
5_22,0.99,0,0
5_23,0.0,0,0
5_24,0.3726779962498943,0,0
5_25,0.0,0,0
5_26,0.99,0,0
5_27,0.2581642892307224,0,0
5_28,0.99,0,0
5_29,0.99,0,0
5_30,0.0,0,0
5_31,0.28057904717244686,0,0
5_32,0.99,1,1
5_33,0.99,0,0
5_34,0.99,0,0
5_35,0.99,1,1
5_36,0.34871874795489727,0,0
6_0,0.3952191625449044,0,0
6_1,0.99,0,0
6_2,0.99,0,0
6_3,0.99,0,0
6_4,0.3981126085090629,0,0
6_5,0.0,0,0
6_6,0.39223227027637214,0,0
6_7,0.99,0,0
6_8,0.99,0,0
6_9,0.0,0,0
6_10,0.99,0,0
6_11,0.4753609467122932,0,0
6_12,0.5,0,0
6_13,0.99,0,0
6_14,0.3203515281185511,0,0
6_15,0.99,0,0
6_16,0.5,0,0
6_17,0.99,0,0
6_18,0.3397616048688863,0,0
6_19,0.0,0,0
6_20,0.0,0,0
6_21,0.0,0,0
6_22,0.35640577546783964,0,0
6_23,0.0,0,0
6_24,0.99,1,1
6_25,0.0,0,0
6_26,0.99,0,0
6_27,0.34645093159147966,0,0
6_28,0.3217913385065585,0,0
6_29,0.99,0,0
6_30,0.0,0,0
6_31,0.34234256695236726,0,0
6_32,0.34448365936405834,0,0
6_33,0.34244403186738864,0,0
6_34,0.99,0,0
6_35,0.99,0,0
6_36,0.3173336838519794,0,0
7_0,0.3704413598744086,0,0
7_1,0.39312763733909356,0,0
7_2,0.3575701852348259,0,0
7_3,0.4330127018922194,0,0
7_4,0.0,0,0
7_5,0.0,0,0
7_6,0.33399840021019,1,1
7_7,0.3579541645361503,0,0
7_8,0.4330127018922194,0,0
7_9,0.0,0,0
7_10,0.99,1,1
7_11,0.37267799624996484,1,1
7_12,0.0,0,0
7_13,0.99,1,1
7_14,0.99,0,0
7_15,0.99,1,1
7_16,0.0,0,0
7_17,0.99,1,1
7_18,0.99,0,0
7_19,0.0,0,0
7_20,0.0,0,0
7_21,0.0,0,0
7_22,0.0,0,0
7_23,0.0,0,0
7_24,0.99,0,0
7_25,0.0,0,0
7_26,0.99,0,0
7_27,0.99,0,0
7_28,0.99,0,0
7_29,0.3307189138830752,0,0
7_30,0.0,0,0
7_31,0.3726779962499643,0,0
7_32,0.99,0,0
7_33,0.3434721036949945,1,1
7_34,0.42750264352616707,1,1
7_35,0.99,0,0
7_36,0.351434490256192,0,0
8_0,0.99,0,0
8_1,0.45551847342081137,0,0
8_2,0.99,0,0
8_3,0.99,0,0
8_4,0.47140452079103173,0,0
8_5,0.0,0,0
8_6,0.35355339059327084,0,0
8_7,0.99,0,0
8_8,0.99,0,0
8_9,0.0,0,0
8_10,0.37267799624996534,0,0
8_11,0.43136464626018567,0,0
8_12,0.0,0,0
8_13,0.23476019916701055,0,0
8_14,0.99,0,0
8_15,0.99,0,0
8_16,0.0,0,0
8_17,0.99,0,0
8_18,0.99,0,0
8_19,0.0,0,0
8_20,0.0,0,0
8_21,0.0,0,0
8_22,0.99,1,1
8_23,0.0,0,0
8_24,0.99,1,1
8_25,0.0,0,0
8_26,0.24626438472050596,0,0
8_27,0.38976076946136745,0,0
8_28,0.99,0,0
8_29,0.33022049680533766,0,0
8_30,0.0,0,0
8_31,0.37267799624996484,0,0
8_32,0.0,0,0
8_33,0.3571821790355119,0,0
8_34,0.37826671870693995,0,0
8_35,0.0,0,0
8_36,0.3116217534754931,0,0
9_0,0.99,0,0
9_1,0.99,0,0
9_2,0.99,0,0
9_3,0.34992710611188255,0,0
9_4,0.99,0,0
9_5,0.0,0,0
9_6,0.99,0,0
9_7,0.99,0,0
9_8,0.34992710611188255,0,0
9_9,0.0,0,0
9_10,0.99,0,0
9_11,0.99,0,0
9_12,0.99,0,0
9_13,0.99,0,0
9_14,0.99,0,0
9_15,0.99,0,0
9_16,0.99,0,0
9_17,0.3898715049482529,0,0
9_18,0.28711413816303216,0,0
9_19,0.0,0,0
9_20,0.0,0,0
9_21,0.0,0,0
9_22,0.5,0,0
9_23,0.0,0,0
9_24,0.31426968052735293,0,0
9_25,0.0,0,0
9_26,0.99,0,0
9_27,0.99,0,0
9_28,0.99,0,0
9_29,0.99,0,0
9_30,0.0,0,0
9_31,0.40041920175202544,0,0
9_32,0.99,0,0
9_33,0.99,0,0
9_34,0.41003278561330786,0,0
9_35,0.99,0,0
9_36,0.32840050732610726,0,0
10_0,0.99,0,0
10_1,0.99,0,0
10_2,0.35749211020373006,0,0
10_3,0.4269267723866614,0,0
10_4,0.0,0,0
10_5,0.0,0,0
10_6,0.0,0,0
10_7,0.35749211020373006,0,0
10_8,0.4269267723866614,0,0
10_9,0.0,0,0
10_10,0.34197514317369365,0,0
10_11,0.34588465689040504,0,0
10_12,0.0,0,0
10_13,0.99,0,0
10_14,0.37267799624996484,0,0
10_15,0.99,0,0
10_16,0.0,0,0
10_17,0.99,0,0
10_18,0.3726779962499649,0,0
10_19,0.0,0,0
10_20,0.0,0,0
10_21,0.0,0,0
10_22,0.5000000000000003,0,0
10_23,0.0,0,0
10_24,0.0,0,0
10_25,0.0,0,0
10_26,0.99,0,0
10_27,0.33823167300995555,0,0
10_28,0.3064296573829485,0,0
10_29,0.33071891388307406,0,0
10_30,0.0,0,0
10_31,0.99,0,0
10_32,0.99,0,0
10_33,0.99,0,0
10_34,0.4191954735290538,0,0
10_35,0.99,0,0
10_36,0.99,0,0
11_0,0.3563976319661349,0,0
11_1,0.99,0,0
11_2,0.99,0,0
11_3,0.99,0,0
11_4,0.0,0,0
11_5,0.0,0,0
11_6,0.0,0,0
11_7,0.99,0,0
11_8,0.99,0,0
11_9,0.0,0,0
11_10,0.3467276047917549,0,0
11_11,0.3289039525478311,0,0
11_12,0.0,0,0
11_13,0.99,0,0
11_14,0.99,0,0
11_15,0.99,0,0
11_16,0.0,0,0
11_17,0.4028419705054895,0,0
11_18,0.99,0,0
11_19,0.0,0,0
11_20,0.0,0,0
11_21,0.0,0,0
11_22,0.99,0,0
11_23,0.0,0,0
11_24,0.99,0,0
11_25,0.0,0,0
11_26,0.3418148889274592,0,0
11_27,0.99,0,0
11_28,0.32155026042299467,0,0
11_29,0.99,0,0
11_30,0.0,0,0
11_31,0.34212711180376476,0,0
11_32,0.99,0,0
11_33,0.99,0,0
11_34,0.31325193493401626,0,0
11_35,0.99,0,0
11_36,0.99,0,0
12_0,0.0,0,0
12_1,0.0,0,0
12_2,0.49927702067558916,0,0
12_3,0.4734470472652365,0,0
12_4,0.0,0,0
12_5,0.0,0,0
12_6,0.0,0,0
12_7,0.49928206253878543,0,0
12_8,0.3476188180503035,0,0
12_9,0.0,0,0
12_10,0.99,0,0
12_11,0.99,0,0
12_12,0.99,0,0
12_13,0.99,0,0
12_14,0.99,0,0
12_15,0.99,0,0
12_16,0.99,0,0
12_17,0.99,0,0
12_18,0.99,0,0
12_19,0.0,0,0
12_20,0.0,0,0
12_21,0.0,0,0
12_22,0.0,0,0
12_23,0.0,0,0
12_24,0.27231778660402556,0,0
12_25,0.0,0,0
12_26,0.2423749184807383,0,0
12_27,0.99,0,0
12_28,0.4714045207910265,0,0
12_29,0.3461557131424167,0,0
12_30,0.0,0,0
12_31,0.0,0,0
12_32,0.0,0,0
12_33,0.3676572329495828,0,0
12_34,0.39556130586225763,0,0
12_35,0.0,0,0
12_36,0.99,0,0
13_0,0.45838016338812326,0,0
13_1,0.4567433743216298,0,0
13_2,0.99,0,0
13_3,0.99,0,0
13_4,0.43413807592546433,0,0
13_5,0.0,0,0
13_6,0.4379475885241327,0,0
13_7,0.99,0,0
13_8,0.99,0,0
13_9,0.0,0,0
13_10,0.99,0,0
13_11,0.99,0,0
13_12,0.0,0,0
13_13,0.99,0,0
13_14,0.29851373550886506,0,0
13_15,0.99,0,0
13_16,0.0,0,0
13_17,0.99,0,0
13_18,0.29851373550886506,0,0
13_19,0.0,0,0
13_20,0.0,0,0
13_21,0.0,0,0
13_22,0.8164965809277259,0,0
13_23,0.0,0,0
13_24,0.3571475772177585,0,0
13_25,0.0,0,0
13_26,0.99,0,0
13_27,0.99,0,0
13_28,0.3004745479609595,0,0
13_29,0.99,0,0
13_30,0.0,0,0
13_31,0.30214957171838225,0,0
13_32,0.99,0,0
13_33,0.99,0,0
13_34,0.99,0,0
13_35,0.99,0,0
13_36,0.99,1,1
14_0,0.3232316863524312,0,0
14_1,0.3232316863524312,0,0
14_2,0.99,0,0
14_3,0.99,0,0
14_4,0.32563298947697,0,0
14_5,0.0,0,0
14_6,0.3291027684430127,0,0
14_7,0.99,0,0
14_8,0.99,0,0
14_9,0.0,0,0
14_10,0.99,0,0
14_11,0.33071891388307384,0,0
14_12,0.99,0,0
14_13,0.99,0,0
14_14,0.37267799624996467,0,0
14_15,0.99,0,0
14_16,0.99,0,0
14_17,0.99,0,0
14_18,0.37267799624996467,0,0
14_19,0.0,0,0
14_20,0.0,0,0
14_21,0.0,0,0
14_22,0.0,0,0
14_23,0.0,0,0
14_24,0.41222686619545645,0,0
14_25,0.0,0,0
14_26,0.99,0,0
14_27,0.99,0,0
14_28,0.99,0,0
14_29,0.99,0,0
14_30,0.0,0,0
14_31,0.2941160022607902,1,1
14_32,0.39344125316188855,0,0
14_33,0.99,0,0
14_34,0.2800955953515091,0,0
14_35,0.39344125316188855,0,0
14_36,0.49999999999999356,0,0
15_0,0.99,0,0
15_1,0.99,0,0
15_2,0.23610371249160345,0,0
15_3,0.3544469253854965,0,0
15_4,0.99,0,0
15_5,0.0,0,0
15_6,0.99,0,0
15_7,0.24147147612274136,0,0
15_8,0.3544469253854965,0,0
15_9,0.0,0,0
15_10,0.2875702462096245,0,0
15_11,0.99,0,0
15_12,0.0,0,0
15_13,0.33256296318382117,0,0
15_14,0.99,0,0
15_15,0.3299284288872675,0,0
15_16,0.0,0,0
15_17,0.3311562909743876,0,0
15_18,0.99,0,0
15_19,0.0,0,0
15_20,0.0,0,0
15_21,0.0,0,0
15_22,0.99,0,0
15_23,0.0,0,0
15_24,0.3453744906523584,0,0
15_25,0.0,0,0
15_26,0.27729535562181584,0,0
15_27,0.99,0,0
15_28,0.0,0,0
15_29,0.0,0,0
15_30,0.0,0,0
15_31,0.99,0,0
15_32,0.38929461461617626,0,0
15_33,0.99,0,0
15_34,0.99,0,0
15_35,0.3330408478282604,0,0
15_36,0.2603026644235446,0,0
16_0,0.40177985861470195,0,0
16_1,0.4013429912453512,0,0
16_2,0.3460309396093458,0,0
16_3,0.3726779962499644,0,0
16_4,0.99,0,0
16_5,0.0,0,0
16_6,0.99,0,0
16_7,0.3457602357081348,0,0
16_8,0.3726779962499644,0,0
16_9,0.0,0,0
16_10,0.37623685097175213,0,0
16_11,0.99,0,0
16_12,0.99,0,0
16_13,0.99,0,0
16_14,0.3449772891440996,0,0
16_15,0.37267799624996506,0,0
16_16,0.99,0,0
16_17,0.99,0,0
16_18,0.3629729533305395,0,0
16_19,0.0,0,0
16_20,0.0,0,0
16_21,0.0,0,0
16_22,0.42096677949588446,0,0
16_23,0.0,0,0
16_24,0.37986195515346205,0,0
16_25,0.0,0,0
16_26,0.99,0,0
16_27,0.99,0,0
16_28,0.99,0,0
16_29,0.99,0,0
16_30,0.0,0,0
16_31,0.0,0,0
16_32,0.99,0,0
16_33,0.99,0,0
16_34,0.99,0,0
16_35,0.99,0,0
16_36,0.99,0,0
17_0,0.99,0,0
17_1,0.99,0,0
17_2,0.4206818586584519,0,0
17_3,0.99,0,0
17_4,0.99,0,0
17_5,0.0,0,0
17_6,0.4433755491759173,0,0
17_7,0.42155753199981677,0,0
17_8,0.99,0,0
17_9,0.0,0,0
17_10,0.99,0,0
17_11,0.3060199839687357,0,0
17_12,0.0,0,0
17_13,0.99,0,0
17_14,0.4448083785514279,0,0
17_15,0.99,0,0
17_16,0.0,0,0
17_17,0.99,0,0
17_18,0.99,0,0
17_19,0.0,0,0
17_20,0.0,0,0
17_21,0.0,0,0
17_22,0.99,0,0
17_23,0.0,0,0
17_24,0.99,0,0
17_25,0.0,0,0
17_26,0.99,0,0
17_27,0.3546800604269782,0,0
17_28,0.99,0,0
17_29,0.41275088059218196,0,0
17_30,0.0,0,0
17_31,0.0,0,0
17_32,0.0,0,0
17_33,0.99,0,0
17_34,0.42796709742914424,0,0
17_35,0.0,0,0
17_36,0.99,0,0
18_0,0.31981666081422455,0,0
18_1,0.31981688678057735,0,0
18_2,0.2950967673809446,0,0
18_3,0.99,0,0
18_4,0.42833000661129716,1,1
18_5,0.0,0,0
18_6,0.99,0,0
18_7,0.2975473418323708,0,0
18_8,0.99,0,0
18_9,0.0,0,0
18_10,0.99,1,1
18_11,0.4482960905608918,0,0
18_12,0.3228800461307067,1,1
18_13,0.99,0,0
18_14,0.99,0,0
18_15,0.35062975618679165,1,1
18_16,0.2845288360172139,1,1
18_17,0.99,0,0
18_18,0.99,0,0
18_19,0.0,0,0
18_20,0.0,0,0
18_21,0.0,0,0
18_22,0.99,0,0
18_23,0.0,0,0
18_24,0.3684898727130751,0,0
18_25,0.0,0,0
18_26,0.99,0,0
18_27,0.3726779962499642,0,0
18_28,0.99,0,0
18_29,0.3757258755185668,0,0
18_30,0.0,0,0
18_31,0.37267799624998005,0,0
18_32,0.3184769161432891,1,1
18_33,0.99,0,0
18_34,0.3377524317538226,0,0
18_35,0.3187720473775644,1,1
18_36,0.35939160971544004,0,0
19_0,0.0,0,0
19_1,0.0,0,0
19_2,0.99,1,1
19_3,0.99,0,0
19_4,0.99,0,0
19_5,0.0,0,0
19_6,0.99,0,0
19_7,0.99,1,1
19_8,0.99,0,0
19_9,0.0,0,0
19_10,0.99,0,0
19_11,0.99,0,0
19_12,0.3823187734808715,0,0
19_13,0.99,0,0
19_14,0.99,0,0
19_15,0.99,0,0
19_16,0.39819694073793427,0,0
19_17,0.99,0,0
19_18,0.99,0,0
19_19,0.0,0,0
19_20,0.0,0,0
19_21,0.0,0,0
19_22,0.0,0,0
19_23,0.0,0,0
19_24,0.99,0,0
19_25,0.0,0,0
19_26,0.99,0,0
19_27,0.99,0,0
19_28,0.4384261647729885,0,0
19_29,0.35688690134636825,0,0
19_30,0.0,0,0
19_31,0.0,0,0
19_32,0.99,1,1
19_33,0.99,0,0
19_34,0.3660921870882397,0,0
19_35,0.99,1,1
19_36,0.38644026437814155,0,0
20_0,0.0,0,0
20_1,0.0,0,0
20_2,0.99,0,0
20_3,0.3239678100489634,0,0
20_4,0.99,0,0
20_5,0.0,0,0
20_6,0.99,0,0
20_7,0.99,0,0
20_8,0.3239678100489634,0,0
20_9,0.0,0,0
20_10,0.99,0,0
20_11,0.2542077748966547,0,0
20_12,0.99,0,0
20_13,0.99,0,0
20_14,0.99,0,0
20_15,0.30964097653937206,0,0
20_16,0.99,0,0
20_17,0.99,0,0
20_18,0.99,0,0
20_19,0.0,0,0
20_20,0.0,0,0
20_21,0.0,0,0
20_22,0.0,0,0
20_23,0.0,0,0
20_24,0.0,0,0
20_25,0.0,0,0
20_26,0.358497966283765,0,0
20_27,0.99,0,0
20_28,0.24407915662640647,0,0
20_29,0.99,0,0
20_30,0.0,0,0
20_31,0.0,0,0
20_32,0.0,0,0
20_33,0.3403303129673245,0,0
20_34,0.33071891388307323,0,0
20_35,0.0,0,0
20_36,0.99,0,0
21_0,0.0,0,0
21_1,0.0,0,0
21_2,0.38363963841337273,0,0
21_3,0.3599942276074191,0,0
21_4,0.3195241548712729,0,0
21_5,0.0,0,0
21_6,0.3195241548712735,0,0
21_7,0.3835147280287168,0,0
21_8,0.3599942276074191,0,0
21_9,0.0,0,0
21_10,0.2823713792291434,0,0
21_11,0.99,0,0
21_12,0.99,0,0
21_13,0.3761253191960164,0,0
21_14,0.3635112334498662,0,0
21_15,0.99,0,0
21_16,0.33778047975440195,0,0
21_17,0.37032252243210917,0,0
21_18,0.3617190359817417,0,0
21_19,0.0,0,0
21_20,0.0,0,0
21_21,0.0,0,0
21_22,0.0,0,0
21_23,0.0,0,0
21_24,0.31426968052712506,0,0
21_25,0.0,0,0
21_26,0.29421663121421177,0,0
21_27,0.99,0,0
21_28,0.99,0,0
21_29,0.99,0,0
21_30,0.0,0,0
21_31,0.0,0,0
21_32,0.0,0,0
21_33,0.3726779962499673,0,0
21_34,0.3499271061118784,0,0
21_35,0.0,0,0
21_36,0.2986977657961428,0,0
22_0,0.99,0,0
22_1,0.99,0,0
22_2,0.99,0,0
22_3,0.3816402852167695,0,0
22_4,0.99,0,0
22_5,0.0,0,0
22_6,0.99,0,0
22_7,0.99,0,0
22_8,0.3816402852167695,0,0
22_9,0.0,0,0
22_10,0.99,0,0
22_11,0.99,0,0
22_12,0.0,0,0
22_13,0.99,0,0
22_14,0.99,0,0
22_15,0.99,0,0
22_16,0.0,0,0
22_17,0.99,0,0
22_18,0.31183738836347213,0,0
22_19,0.0,0,0
22_20,0.0,0,0
22_21,0.0,0,0
22_22,0.34185605279929243,0,0
22_23,0.0,0,0
22_24,0.2061922257499309,1,1
22_25,0.0,0,0
22_26,0.99,0,0
22_27,0.3685817638402685,0,0
22_28,0.4116302681365535,0,0
22_29,0.34344615698306585,0,0
22_30,0.0,0,0
22_31,0.0,0,0
22_32,0.99,0,0
22_33,0.99,0,0
22_34,0.99,0,0
22_35,0.99,0,0
22_36,0.99,0,0
23_0,0.99,0,0
23_1,0.99,0,0
23_2,0.2796026266510946,0,0
23_3,0.20087127310368505,0,0
23_4,0.99,0,0
23_5,0.0,0,0
23_6,0.99,0,0
23_7,0.2801573108017065,0,0
23_8,0.20087127310368505,0,0
23_9,0.0,0,0
23_10,0.99,0,0
23_11,0.37267799624996173,0,0
23_12,0.41325640843435574,0,0
23_13,0.99,0,0
23_14,0.332938893315871,0,0
23_15,0.23547437380581623,0,0
23_16,0.40524193666569497,0,0
23_17,0.99,0,0
23_18,0.3499271061118806,0,0
23_19,0.0,0,0
23_20,0.0,0,0
23_21,0.0,0,0
23_22,0.45971381613714835,0,0
23_23,0.0,0,0
23_24,0.38027029604967905,0,0
23_25,0.0,0,0
23_26,0.36319832286793846,0,0
23_27,0.33966830615173554,0,0
23_28,0.34399209323733726,0,0
23_29,0.3908452437208758,0,0
23_30,0.0,0,0
23_31,0.99,0,0
23_32,0.38148304545531214,0,0
23_33,0.33670729976279073,0,0
23_34,0.45869347817585504,0,0
23_35,0.38028456598075644,0,0
23_36,0.4999999999998915,0,0
24_0,0.99,0,0
24_1,0.99,0,0
24_2,0.99,0,0
24_3,0.99,0,0
24_4,0.0,0,0
24_5,0.0,0,0
24_6,0.0,0,0
24_7,0.99,0,0
24_8,0.99,0,0
24_9,0.0,0,0
24_10,0.33834391472796826,0,0
24_11,0.330718913883074,0,0
24_12,0.0,0,0
24_13,0.99,0,0
24_14,0.99,0,0
24_15,0.99,0,0
24_16,0.0,0,0
24_17,0.99,0,0
24_18,0.99,0,0
24_19,0.0,0,0
24_20,0.0,0,0
24_21,0.0,0,0
24_22,0.99,0,0
24_23,0.0,0,0
24_24,0.37267799624998016,0,0
24_25,0.0,0,0
24_26,0.3726779962499651,0,0
24_27,0.3726779962499649,0,0
24_28,0.3214922717488039,0,0
24_29,0.28031829140758685,0,0
24_30,0.0,0,0
24_31,0.99,0,0
24_32,0.99,0,0
24_33,0.3193306794520513,0,0
24_34,0.33913294431699004,0,0
24_35,0.99,0,0
24_36,0.99,0,0
25_0,0.3259861843755719,0,0
25_1,0.39916615395466604,0,0
25_2,0.3131668060774014,0,0
25_3,0.3499271061118823,0,0
25_4,0.48919911346617784,0,0
25_5,0.0,0,0
25_6,0.490774284991622,0,0
25_7,0.31659294611007166,0,0
25_8,0.3499271061118823,0,0
25_9,0.0,0,0
25_10,0.99,0,0
25_11,0.99,0,0
25_12,0.0,0,0
25_13,0.99,0,0
25_14,0.99,0,0
25_15,0.99,0,0
25_16,0.0,0,0
25_17,0.99,0,0
25_18,0.3472859890205283,0,0
25_19,0.0,0,0
25_20,0.0,0,0
25_21,0.0,0,0
25_22,0.27510344607348025,0,0
25_23,0.0,0,0
25_24,0.0,0,0
25_25,0.0,0,0
25_26,0.39999999999999963,0,0
25_27,0.99,0,0
25_28,0.34111092649099634,0,0
25_29,0.99,0,0
25_30,0.0,0,0
25_31,0.99,0,0
25_32,0.32172585654859287,0,0
25_33,0.3006416233550868,0,0
25_34,0.99,0,0
25_35,0.3147421033190842,0,0
25_36,0.37161527138959394,0,0
26_0,0.30360140272878583,0,0
26_1,0.30360140272878583,0,0
26_2,0.39876748789727173,1,1
26_3,0.99,0,0
26_4,0.46827259181216074,0,0
26_5,0.0,0,0
26_6,0.4673599918210315,0,0
26_7,0.4263037700590048,1,1
26_8,0.99,0,0
26_9,0.0,0,0
26_10,0.99,0,0
26_11,0.34992710611188255,0,0
26_12,0.0,0,0
26_13,0.99,0,0
26_14,0.99,1,1
26_15,0.3726779962499646,0,0
26_16,0.0,0,0
26_17,0.99,0,0
26_18,0.99,1,1
26_19,0.0,0,0
26_20,0.0,0,0
26_21,0.0,0,0
26_22,0.34299717028501764,0,0
26_23,0.0,0,0
26_24,0.3604050954709232,0,0
26_25,0.0,0,0
26_26,0.4714045207910093,0,0
26_27,0.99,0,0
26_28,0.99,0,0
26_29,0.99,0,0
26_30,0.0,0,0
26_31,0.4999999999999065,0,0
26_32,0.369137287776919,0,0
26_33,0.99,0,0
26_34,0.3904395254322645,0,0
26_35,0.3668222083382531,0,0
26_36,0.99,0,0
27_0,0.3156434429992835,0,0
27_1,0.99,0,0
27_2,0.99,0,0
27_3,0.99,0,0
27_4,0.0,0,0
27_5,0.0,0,0
27_6,0.0,0,0
27_7,0.99,0,0
27_8,0.99,0,0
27_9,0.0,0,0
27_10,0.3200246386386782,0,0
27_11,0.99,0,0
27_12,0.99,0,0
27_13,0.36564600255412977,0,0
27_14,0.99,0,0
27_15,0.3726779962499644,0,0
27_16,0.99,0,0
27_17,0.3643747417998883,0,0
27_18,0.99,0,0
27_19,0.0,0,0
27_20,0.0,0,0
27_21,0.0,0,0
27_22,0.0,0,0
27_23,0.0,0,0
27_24,0.99,0,0
27_25,0.0,0,0
27_26,0.33071891388307395,0,0
27_27,0.30527448886419223,0,0
27_28,0.4330127018922173,0,0
27_29,0.99,0,0
27_30,0.0,0,0
27_31,0.99,0,0
27_32,0.99,0,0
27_33,0.99,0,0
27_34,0.32607299507228393,0,0
27_35,0.99,0,0
27_36,0.99,0,0
28_0,0.37267799624995845,0,0
28_1,0.2786064547197687,0,0
28_2,0.99,0,0
28_3,0.99,0,0
28_4,0.0,0,0
28_5,0.0,0,0
28_6,0.0,0,0
28_7,0.99,0,0
28_8,0.99,0,0
28_9,0.0,0,0
28_10,0.3703786432833995,0,0
28_11,0.30899457144020387,0,0
28_12,0.0,0,0
28_13,0.99,0,0
28_14,0.30622527935581273,0,0
28_15,0.3589733520268426,0,0
28_16,0.0,0,0
28_17,0.99,0,0
28_18,0.2935058980787916,0,0
28_19,0.0,0,0
28_20,0.0,0,0
28_21,0.0,0,0
28_22,0.99,0,0
28_23,0.0,0,0
28_24,0.4714045207907425,0,0
28_25,0.0,0,0
28_26,0.4330127018922186,0,0
28_27,0.3591262106846767,0,0
28_28,0.99,0,0
28_29,0.99,0,0
28_30,0.0,0,0
28_31,0.0,0,0
28_32,0.44242745578464715,0,0
28_33,0.36912223175934594,0,0
28_34,0.99,0,0
28_35,0.4424412507171189,0,0
28_36,0.99,0,0
29_0,0.99,1,1
29_1,0.99,1,1
29_2,0.1665994679925257,1,1
29_3,0.37267799624996495,0,0
29_4,0.99,0,0
29_5,0.0,0,0
29_6,0.0,1,1
29_7,0.1665994679925257,1,1
29_8,0.37267799624996495,0,0
29_9,0.99,0,0
29_10,0.34992710611188266,1,1
29_11,0.99,1,1
29_12,0.99,1,1
29_13,0.99,1,1
29_14,0.0,0,0
29_15,0.99,1,1
29_16,0.3726779962499655,1,1
29_17,0.99,1,1
29_18,0.0,0,0
29_19,0.0,0,0
29_20,0.0,0,0
29_21,0.0,0,0
29_22,0.99,0,0
29_23,0.99,0,0
29_24,0.99,1,1
29_25,0.0,0,0
29_26,0.99,0,0
29_27,0.4252804086845586,0,0
29_28,0.43301270189221935,0,0
29_29,0.3726779962499651,1,1
29_30,0.0,0,0
29_31,0.99,1,1
29_32,0.43702321874235334,1,1
29_33,0.3722472561810879,1,1
29_34,0.99,1,1
29_35,0.4370274225139692,1,1
29_36,0.0,0,0
30_0,0.99,0,0
30_1,0.99,0,0
30_2,0.99,0,0
30_3,0.99,0,0
30_4,0.0,0,0
30_5,0.0,0,0
30_6,0.0,0,0
30_7,0.99,0,0
30_8,0.99,0,0
30_9,0.0,0,0
30_10,0.3264504413644885,0,0
30_11,0.99,0,0
30_12,0.0,0,0
30_13,0.99,0,0
30_14,0.99,0,0
30_15,0.99,0,0
30_16,0.0,0,0
30_17,0.99,0,0
30_18,0.99,0,0
30_19,0.0,0,0
30_20,0.0,0,0
30_21,0.0,0,0
30_22,0.99,0,0
30_23,0.0,0,0
30_24,0.99,0,0
30_25,0.0,0,0
30_26,0.99,0,0
30_27,0.99,0,0
30_28,0.37267799624996445,0,0
30_29,0.46125010746703204,0,0
30_30,0.0,0,0
30_31,0.28059995331657656,0,0
30_32,0.99,0,0
30_33,0.99,0,0
30_34,0.99,0,0
30_35,0.99,0,0
30_36,0.99,0,0
31_0,0.3360707668849427,0,0
31_1,0.3424470659679939,0,0
31_2,0.33271287162883617,0,0
31_3,0.44767046593834525,0,0
31_4,0.0,0,0
31_5,0.0,0,0
31_6,0.0,0,0
31_7,0.33271287162883617,0,0
31_8,0.44767046593834525,0,0
31_9,0.0,0,0
31_10,0.99,0,0
31_11,0.2656746595110447,0,0
31_12,0.0,0,0
31_13,0.99,0,0
31_14,0.33802345728287264,0,0
31_15,0.37649294110671805,0,0
31_16,0.0,0,0
31_17,0.99,0,0
31_18,0.3368606870430182,0,0
31_19,0.0,0,0
31_20,0.0,0,0
31_21,0.0,0,0
31_22,0.99,0,0
31_23,0.0,0,0
31_24,0.24367674649258322,0,0
31_25,0.0,0,0
31_26,0.3591880825425442,0,0
31_27,0.99,0,0
31_28,0.99,0,0
31_29,0.99,0,0
31_30,0.0,0,0
31_31,0.37422175190570184,0,0
31_32,0.99,0,0
31_33,0.99,0,0
31_34,0.99,0,0
31_35,0.99,0,0
31_36,0.31918495270356867,0,0
32_0,0.99,0,0
32_1,0.99,0,0
32_2,0.39999848112404585,0,0
32_3,0.99,0,0
32_4,0.28936926025956794,0,0
32_5,0.0,0,0
32_6,0.0,0,0
32_7,0.40042450255081197,0,0
32_8,0.99,0,0
32_9,0.0,0,0
32_10,0.99,0,0
32_11,0.39990842666536425,0,0
32_12,0.0,0,0
32_13,0.39024909705935,0,0
32_14,0.37267799624996495,0,0
32_15,0.99,0,0
32_16,0.0,0,0
32_17,0.37267799624996395,0,0
32_18,0.3592523184662933,0,0
32_19,0.0,0,0
32_20,0.0,0,0
32_21,0.0,0,0
32_22,0.99,0,0
32_23,0.0,0,0
32_24,0.3806546944817378,0,0
32_25,0.0,0,0
32_26,0.2723626920808007,0,0
32_27,0.99,0,0
32_28,0.99,0,0
32_29,0.28107680273164587,0,0
32_30,0.0,0,0
32_31,0.0,0,0
32_32,0.31077878221854116,0,0
32_33,0.99,0,0
32_34,0.3620142073596282,0,0
32_35,0.31064638229641905,0,0
32_36,0.99,0,0
33_0,0.3210384794061432,0,0
33_1,0.32177540227005763,0,0
33_2,0.36218161217933387,0,0
33_3,0.99,0,0
33_4,0.0,0,0
33_5,0.0,0,0
33_6,0.0,0,0
33_7,0.36218161217933387,0,0
33_8,0.99,0,0
33_9,0.0,0,0
33_10,0.359330968347676,0,0
33_11,0.37267799624996495,0,0
33_12,0.0,0,0
33_13,0.359330968347676,0,0
33_14,0.0,0,0
33_15,0.99,0,0
33_16,0.0,0,0
33_17,0.3564262014147514,0,0
33_18,0.0,0,0
33_19,0.0,0,0
33_20,0.0,0,0
33_21,0.0,0,0
33_22,0.99,0,0
33_23,0.0,0,0
33_24,0.0,0,0
33_25,0.0,0,0
33_26,0.99,0,0
33_27,0.37267799624996495,0,0
33_28,0.26590236990221083,0,0
33_29,0.3449458087546504,0,0
33_30,0.0,0,0
33_31,0.3726779962502216,0,0
33_32,0.35552128037813713,0,0
33_33,0.32007018970279855,0,0
33_34,0.99,0,0
33_35,0.35552128037813713,0,0
33_36,0.99,0,0
34_0,0.99,0,0
34_1,0.99,0,0
34_2,0.99,0,0
34_3,0.99,0,0
34_4,0.99,0,0
34_5,0.0,0,0
34_6,0.33071891388307384,1,1
34_7,0.99,0,0
34_8,0.99,0,0
34_9,0.0,0,0
34_10,0.2290614236454256,0,0
34_11,0.99,0,0
34_12,0.0,0,0
34_13,0.99,0,0
34_14,0.3726779962499653,0,0
34_15,0.34992710611188255,0,0
34_16,0.0,0,0
34_17,0.99,0,0
34_18,0.3726779962499653,0,0
34_19,0.0,0,0
34_20,0.0,0,0
34_21,0.0,0,0
34_22,0.99,0,0
34_23,0.0,0,0
34_24,0.33071891388307384,0,0
34_25,0.0,0,0
34_26,0.99,0,0
34_27,0.99,0,0
34_28,0.3716558738570302,0,0
34_29,0.99,0,0
34_30,0.0,0,0
34_31,0.99,0,0
34_32,0.99,0,0
34_33,0.33333320000040034,0,0
34_34,0.33509691293111676,0,0
34_35,0.99,0,0
34_36,0.99,0,0
35_0,0.3252783332604868,0,0
35_1,0.3252783332604868,0,0
35_2,0.1944902856501466,0,0
35_3,0.29444455980301404,0,0
35_4,0.99,0,0
35_5,0.0,0,0
35_6,0.99,0,0
35_7,0.1944902856501466,0,0
35_8,0.29444455980301404,0,0
35_9,0.0,0,0
35_10,0.99,0,0
35_11,0.3142696805273545,0,0
35_12,0.0,0,0
35_13,0.4115962209657588,0,0
35_14,0.99,0,0
35_15,0.99,0,0
35_16,0.0,0,0
35_17,0.33435771878231274,0,0
35_18,0.99,0,0
35_19,0.0,0,0
35_20,0.0,0,0
35_21,0.0,0,0
35_22,0.99,0,0
35_23,0.0,0,0
35_24,0.3362209348253093,0,0
35_25,0.0,0,0
35_26,0.37267799624996595,0,0
35_27,0.3000000000000005,0,0
35_28,0.3726779962499635,0,0
35_29,0.37267799624996506,0,0
35_30,0.0,0,0
35_31,0.3726779962499762,0,0
35_32,0.99,0,0
35_33,0.99,0,0
35_34,0.99,0,0
35_35,0.99,0,0
35_36,0.99,0,0
36_0,0.2964869434943202,0,0
36_1,0.29805687470053893,0,0
36_2,0.3316354124841824,0,0
36_3,0.4714045207910289,0,0
36_4,0.34821914971170076,0,0
36_5,0.0,0,0
36_6,0.3482191497117021,0,0
36_7,0.33044853000455415,0,0
36_8,0.4714045207910289,0,0
36_9,0.0,0,0
36_10,0.31290424584243043,0,0
36_11,0.99,0,0
36_12,0.99,0,0
36_13,0.99,0,0
36_14,0.3466073792651368,0,0
36_15,0.99,0,0
36_16,0.99,0,0
36_17,0.99,0,0
36_18,0.37307270651125884,0,0
36_19,0.0,0,0
36_20,0.0,0,0
36_21,0.0,0,0
36_22,0.27755692278976424,0,0
36_23,0.0,0,0
36_24,0.99,0,0
36_25,0.0,0,0
36_26,0.41724389330339295,0,0
36_27,0.99,0,0
36_28,0.3100537056931318,0,0
36_29,0.344837426778432,0,0
36_30,0.0,0,0
36_31,0.0,0,0
36_32,0.0,0,0
36_33,0.99,0,0
36_34,0.99,0,0
36_35,0.0,0,0
36_36,0.99,0,0
37_0,0.99,0,0
37_1,0.99,0,0
37_2,0.3904154324683629,0,0
37_3,0.35941120198621096,0,0
37_4,0.0,0,0
37_5,0.0,0,0
37_6,0.0,0,0
37_7,0.3904154324683629,0,0
37_8,0.35941120198621096,0,0
37_9,0.0,0,0
37_10,0.37407855838954635,0,0
37_11,0.3295951301628577,0,0
37_12,0.0,0,0
37_13,0.99,0,0
37_14,0.99,0,0
37_15,0.43139944620754433,0,0
37_16,0.0,0,0
37_17,0.99,0,0
37_18,0.99,0,0
37_19,0.0,0,0
37_20,0.0,0,0
37_21,0.0,0,0
37_22,0.33072209545887377,0,0
37_23,0.0,0,0
37_24,0.34536954990363955,0,0
37_25,0.0,0,0
37_26,0.99,0,0
37_27,0.99,0,0
37_28,0.3660689840304812,0,0
37_29,0.34011501855855397,0,0
37_30,0.0,0,0
37_31,0.99,0,0
37_32,0.32592494792565646,0,0
37_33,0.99,0,0
37_34,0.99,0,0
37_35,0.32592494792565646,0,0
37_36,0.99,0,0
38_0,0.2772549363243229,0,0
38_1,0.27725420900789616,0,0
38_2,0.99,0,0
38_3,0.99,0,0
38_4,0.99,0,0
38_5,0.0,0,0
38_6,0.99,0,0
38_7,0.99,0,0
38_8,0.99,0,0
38_9,0.0,0,0
38_10,0.99,0,0
38_11,0.99,0,0
38_12,0.99,0,0
38_13,0.43805511395711316,0,0
38_14,0.99,0,0
38_15,0.32255437906322343,0,0
38_16,0.99,0,0
38_17,0.4475268424557069,0,0
38_18,0.99,0,0
38_19,0.0,0,0
38_20,0.0,0,0
38_21,0.0,0,0
38_22,0.99,0,0
38_23,0.0,0,0
38_24,0.99,0,0
38_25,0.0,0,0
38_26,0.26573021204615205,0,0
38_27,0.99,0,0
38_28,0.99,0,0
38_29,0.99,0,0
38_30,0.0,0,0
38_31,0.99,0,0
38_32,0.99,0,0
38_33,0.99,0,0
38_34,0.4256067434988112,0,0
38_35,0.99,0,0
38_36,0.30250887613267435,0,0
39_0,0.99,0,0
39_1,0.99,0,0
39_2,0.99,0,0
39_3,0.99,1,1
39_4,0.99,0,0
39_5,0.0,0,0
39_6,0.99,0,0
39_7,0.99,0,0
39_8,0.99,1,1
39_9,0.0,0,0
39_10,0.99,0,0
39_11,0.33367845869826324,1,1
39_12,0.99,1,1
39_13,0.99,0,0
39_14,0.99,1,1
39_15,0.34992710611188255,1,1
39_16,0.99,1,1
39_17,0.99,0,0
39_18,0.99,1,1
39_19,0.0,0,0
39_20,0.0,0,0
39_21,0.0,0,0
39_22,0.4159847815616069,0,0
39_23,0.0,0,0
39_24,0.99,0,0
39_25,0.0,0,0
39_26,0.47140452079103046,0,0
39_27,0.27048526029844605,1,1
39_28,0.99,0,0
39_29,0.3620395873054338,1,1
39_30,0.0,0,0
39_31,0.99,0,0
39_32,0.26106386514709684,0,0
39_33,0.99,0,0
39_34,0.34766775162809566,0,0
39_35,0.26031312819093616,0,0
39_36,0.3628329765131409,0,0
40_0,0.32216787838617783,0,0
40_1,0.32216787838617783,0,0
40_2,0.99,0,0
40_3,0.99,0,0
40_4,0.99,0,0
40_5,0.0,0,0
40_6,0.99,0,0
40_7,0.99,0,0
40_8,0.99,0,0
40_9,0.0,0,0
40_10,0.99,0,0
40_11,0.34992710611188255,0,0
40_12,0.0,0,0
40_13,0.99,0,0
40_14,0.99,0,0
40_15,0.99,0,0
40_16,0.0,0,0
40_17,0.99,0,0
40_18,0.99,0,0
40_19,0.0,0,0
40_20,0.0,0,0
40_21,0.0,0,0
40_22,0.99,0,0
40_23,0.0,0,0
40_24,0.99,0,0
40_25,0.0,0,0
40_26,0.4999999999999881,0,0
40_27,0.99,0,0
40_28,0.37267799624996073,0,0
40_29,0.99,0,0
40_30,0.0,0,0
40_31,0.40158904932449846,0,0
40_32,0.99,0,0
40_33,0.2876974188284071,0,0
40_34,0.3991386234442565,0,0
40_35,0.99,0,0
40_36,0.31349925812490353,0,0
41_0,0.99,0,0
41_1,0.26126533710688926,0,0
41_2,0.99,0,0
41_3,0.99,1,1
41_4,0.5345224838248488,0,0
41_5,0.0,0,0
41_6,0.5345224838248488,0,0
41_7,0.99,0,0
41_8,0.99,1,1
41_9,0.0,0,0
41_10,0.19073627363124518,0,0
41_11,0.99,1,1
41_12,0.3726779962499647,0,0
41_13,0.4060582852379466,0,0
41_14,0.24058826524217478,1,1
41_15,0.99,0,0
41_16,0.35138510996752537,0,0
41_17,0.4060582852379466,0,0
41_18,0.24058826524217478,1,1
41_19,0.0,0,0
41_20,0.0,0,0
41_21,0.99,1,1
41_22,0.99,1,1
41_23,0.0,0,0
41_24,0.3726779962499876,0,0
41_25,0.0,0,0
41_26,0.23680499105013272,0,0
41_27,0.99,0,0
41_28,0.99,0,0
41_29,0.18416136814915343,0,0
41_30,0.0,0,0
41_31,0.99,0,0
41_32,0.99,0,0
41_33,0.99,0,0
41_34,0.22769431803406953,0,0
41_35,0.99,0,0
41_36,0.3307189138830628,0,0
42_0,0.99,0,0
42_1,0.99,0,0
42_2,0.37734253996129463,0,0
42_3,0.3836515324697367,0,0
42_4,0.99,0,0
42_5,0.0,0,0
42_6,0.99,0,0
42_7,0.3764788213604893,0,0
42_8,0.3836515324697367,0,0
42_9,0.0,0,0
42_10,0.25109134079965617,0,0
42_11,0.99,0,0
42_12,0.0,0,0
42_13,0.3069113501131676,0,0
42_14,0.99,0,0
42_15,0.99,0,0
42_16,0.0,0,0
42_17,0.30470433957324244,0,0
42_18,0.99,0,0
42_19,0.0,0,0
42_20,0.0,0,0
42_21,0.0,0,0
42_22,0.37267799624996495,1,1
42_23,0.0,0,0
42_24,0.31426968052725274,0,0
42_25,0.0,0,0
42_26,0.99,0,0
42_27,0.214093251224628,0,0
42_28,0.37552212715239713,0,0
42_29,0.99,0,0
42_30,0.0,0,0
42_31,0.36745918888935397,0,0
42_32,0.99,0,0
42_33,0.99,0,0
42_34,0.3726532483260248,0,0
42_35,0.99,0,0
42_36,0.3195184002273919,0,0
43_0,0.99,0,0
43_1,0.99,0,0
43_2,0.3260670035473198,0,0
43_3,0.28347666622019974,0,0
43_4,0.36514837167011077,0,0
43_5,0.0,0,0
43_6,0.3726779962499653,0,0
43_7,0.3333613490254513,0,0
43_8,0.28347666622019974,0,0
43_9,0.0,0,0
43_10,0.4177733802988712,0,0
43_11,0.99,0,0
43_12,0.0,0,0
43_13,0.4177733802988712,0,0
43_14,0.0,0,0
43_15,0.99,0,0
43_16,0.0,0,0
43_17,0.3875620116703681,0,0
43_18,0.0,0,0
43_19,0.0,0,0
43_20,0.0,0,0
43_21,0.0,0,0
43_22,0.99,0,0
43_23,0.0,0,0
43_24,0.99,0,0
43_25,0.0,0,0
43_26,0.37458885489529536,0,0
43_27,0.35394507329761504,0,0
43_28,0.99,0,0
43_29,0.99,0,0
43_30,0.0,0,0
43_31,0.99,0,0
43_32,0.99,0,0
43_33,0.37682067299925565,0,0
43_34,0.3380255296684734,0,0
43_35,0.99,0,0
43_36,0.99,0,0
44_0,0.2397610011799242,0,0
44_1,0.18801676676382018,0,0
44_2,0.35517373850157274,0,0
44_3,0.3142696805273543,0,0
44_4,0.3532571868094027,0,0
44_5,0.0,0,0
44_6,0.3541513709670454,0,0
44_7,0.3582577450666089,0,0
44_8,0.3142696805273543,0,0
44_9,0.0,0,0
44_10,0.2151615765776164,0,0
44_11,0.99,0,0
44_12,0.0,0,0
44_13,0.33525108035516143,0,0
44_14,0.99,0,0
44_15,0.99,0,0
44_16,0.0,0,0
44_17,0.24063436830171517,0,0
44_18,0.99,0,0
44_19,0.0,0,0
44_20,0.0,0,0
44_21,0.0,0,0
44_22,0.36012575350563963,0,0
44_23,0.0,0,0
44_24,0.3544502142489598,0,0
44_25,0.0,0,0
44_26,0.3630962251391122,0,0
44_27,0.99,0,0
44_28,0.3582530174123918,0,0
44_29,0.99,0,0
44_30,0.0,0,0
44_31,0.2072361371706902,0,0
44_32,0.99,0,0
44_33,0.99,0,0
44_34,0.3133205971149719,0,0
44_35,0.99,0,0
44_36,0.99,0,0
45_0,0.3099964525453133,0,0
45_1,0.99,0,0
45_2,0.279704050012817,0,0
45_3,0.99,0,0
45_4,0.99,0,0
45_5,0.0,0,0
45_6,0.99,0,0
45_7,0.2814105687103506,0,0
45_8,0.99,0,0
45_9,0.0,0,0
45_10,0.38592325231317165,0,0
45_11,0.99,1,1
45_12,0.0,0,0
45_13,0.3309702975427931,0,0
45_14,0.30993369913831487,1,1
45_15,0.3703086797310771,1,1
45_16,0.0,0,0
45_17,0.3309702975427912,0,0
45_18,0.3100460616359281,1,1
45_19,0.0,0,0
45_20,0.0,0,0
45_21,0.0,0,0
45_22,0.35755849784947463,0,0
45_23,0.0,0,0
45_24,0.0,0,0
45_25,0.0,0,0
45_26,0.99,1,1
45_27,0.3484787032450826,0,0
45_28,0.3317628067163827,0,0
45_29,0.99,0,0
45_30,0.0,0,0
45_31,0.37267799624996556,0,0
45_32,0.99,0,0
45_33,0.99,0,0
45_34,0.3109017491169878,0,0
45_35,0.99,0,0
45_36,0.39665929414143225,0,0
46_0,0.3780375526577095,1,1
46_1,0.3794837740227936,1,1
46_2,0.38197595349510877,1,1
46_3,0.34992710611188177,0,0
46_4,0.5817163040511129,1,1
46_5,0.0,0,0
46_6,0.33996958781988645,0,0
46_7,0.3819021891373489,1,1
46_8,0.34992710611188177,0,0
46_9,0.0,0,0
46_10,0.99,1,1
46_11,0.99,0,0
46_12,0.2728947399603148,1,1
46_13,0.32800686135809193,0,0
46_14,0.37267799624996606,0,0
46_15,0.99,0,0
46_16,0.34992710611188266,0,0
46_17,0.3231761713147623,1,1
46_18,0.37267799624996706,0,0
46_19,0.0,0,0
46_20,0.0,0,0
46_21,0.3368098695143465,1,1
46_22,0.29734369948662215,0,0
46_23,0.0,0,0
46_24,0.99,0,0
46_25,0.0,0,0
46_26,0.99,0,0
46_27,0.3717325414303258,0,0
46_28,0.99,0,0
46_29,0.34445330402427726,0,0
46_30,0.0,0,0
46_31,0.99,0,0
46_32,0.99,1,1
46_33,0.2866209790836823,0,0
46_34,0.99,0,0
46_35,0.99,1,1
46_36,0.3254289503398539,0,0
47_0,0.35524535075184166,0,0
47_1,0.35524535075184166,0,0
47_2,0.2987109142466274,0,0
47_3,0.99,0,0
47_4,0.99,0,0
47_5,0.0,0,0
47_6,0.0,0,0
47_7,0.99,0,0
47_8,0.99,0,0
47_9,0.0,0,0
47_10,0.24493573435930532,0,0
47_11,0.4714045207910316,0,0
47_12,0.24493573435930532,0,0
47_13,0.0,0,0
47_14,0.0,0,0
47_15,0.4714045207910316,0,0
47_16,0.24493375061361225,0,0
47_17,0.0,0,0
47_18,0.0,0,0
47_19,0.0,0,0
47_20,0.0,0,0
47_21,0.0,0,0
47_22,0.99,0,0
47_23,0.0,0,0
47_24,0.39582122158159105,1,1
47_25,0.0,0,0
47_26,0.4114503858032192,0,0
47_27,0.3499754833497782,0,0
47_28,0.3726779962499651,0,0
47_29,0.99,0,0
47_30,0.0,0,0
47_31,0.0,0,0
47_32,0.99,0,0
47_33,0.41053257297069673,0,0
47_34,0.99,0,0
47_35,0.345065617243035,0,0
47_36,0.0,0,0
48_0,0.2284161182932617,0,0
48_1,0.23472301891061131,0,0
48_2,0.38073677681164264,0,0
48_3,0.99,0,0
48_4,0.4042234127095264,0,0
48_5,0.0,0,0
48_6,0.3766203750715265,0,0
48_7,0.99,0,0
48_8,0.99,0,0
48_9,0.0,0,0
48_10,0.99,0,0
48_11,0.3331264010482765,0,0
48_12,0.0,0,0
48_13,0.99,0,0
48_14,0.99,0,0
48_15,0.99,0,0
48_16,0.0,0,0
48_17,0.99,0,0
48_18,0.99,0,0
48_19,0.0,0,0
48_20,0.0,0,0
48_21,0.0,0,0
48_22,0.99,0,0
48_23,0.0,0,0
48_24,0.32146518037464084,0,0
48_25,0.0,0,0
48_26,0.37267799624996284,0,0
48_27,0.2897664064352565,0,0
48_28,0.3216356736470614,0,0
48_29,0.99,0,0
48_30,0.0,0,0
48_31,0.99,0,0
48_32,0.99,0,0
48_33,0.3565559603900903,0,0
48_34,0.99,0,0
48_35,0.99,0,0
48_36,0.99,0,0
49_0,0.99,0,0
49_1,0.32088149332170063,0,0
49_2,0.99,0,0
49_3,0.99,0,0
49_4,0.24823685907019133,0,0
49_5,0.0,0,0
49_6,0.99,0,0
49_7,0.99,0,0
49_8,0.99,0,0
49_9,0.0,0,0
49_10,0.3684467581683888,1,1
49_11,0.99,0,0
49_12,0.0,0,0
49_13,0.28175595482379806,1,1
49_14,0.99,0,0
49_15,0.99,0,0
49_16,0.0,0,0
49_17,0.2817596129768222,1,1
49_18,0.99,0,0
49_19,0.0,0,0
49_20,0.0,0,0
49_21,0.0,0,0
49_22,0.99,0,0
49_23,0.0,0,0
49_24,0.0,0,0
49_25,0.0,0,0
49_26,0.99,0,0
49_27,0.99,0,0
49_28,0.99,0,0
49_29,0.99,0,0
49_30,0.0,0,0
49_31,0.0,0,0
49_32,0.99,0,0
49_33,0.99,0,0
49_34,0.32359683890980934,0,0
49_35,0.2918011859014246,0,0
49_36,0.99,0,0
50_0,0.99,0,0
50_1,0.99,0,0
50_2,0.99,0,0
50_3,0.99,0,0
50_4,0.40824829046386296,0,0
50_5,0.0,0,0
50_6,0.0,0,0
50_7,0.99,0,0
50_8,0.99,0,0
50_9,0.0,0,0
50_10,0.3499271061118819,0,0
50_11,0.32387120780893824,0,0
50_12,0.0,0,0
50_13,0.33071891388307206,0,0
50_14,0.3518879530401448,0,0
50_15,0.99,0,0
50_16,0.0,0,0
50_17,0.34992710611188205,0,0
50_18,0.3612019908964248,0,0
50_19,0.0,0,0
50_20,0.0,0,0
50_21,0.0,0,0
50_22,0.99,0,0
50_23,0.0,0,0
50_24,0.99,0,0
50_25,0.0,0,0
50_26,0.99,0,0
50_27,0.99,0,0
50_28,0.3499271061118763,0,0
50_29,0.41722468510519906,0,0
50_30,0.0,0,0
50_31,0.99,0,0
50_32,0.99,0,0
50_33,0.3818215230409971,0,0
50_34,0.99,0,0
50_35,0.99,0,0
50_36,0.35417334300012576,0,0
51_0,0.99,0,0
51_1,0.99,0,0
51_2,0.99,0,0
51_3,0.99,0,0
51_4,0.3429311138955624,0,0
51_5,0.0,0,0
51_6,0.26517554272333194,0,0
51_7,0.99,0,0
51_8,0.99,0,0
51_9,0.0,0,0
51_10,0.99,0,0
51_11,0.3499271061118826,0,0
51_12,0.3664297682323537,1,1
51_13,0.99,0,0
51_14,0.38368104775815975,0,0
51_15,0.3499271061118826,0,0
51_16,0.3664297682323537,1,1
51_17,0.99,0,0
51_18,0.38368104775815975,0,0
51_19,0.0,0,0
51_20,0.0,0,0
51_21,0.0,0,0
51_22,0.4945255768104302,0,0
51_23,0.0,0,0
51_24,0.53404606931961,0,0
51_25,0.0,0,0
51_26,0.3587183534870933,0,0
51_27,0.29999999999999993,0,0
51_28,0.3470619222877316,0,0
51_29,0.99,0,0
51_30,0.0,0,0
51_31,0.99,0,0
51_32,0.2914198736558697,0,0
51_33,0.99,0,0
51_34,0.3399564535999726,0,0
51_35,0.28557696107882213,0,0
51_36,0.99,0,0
52_0,0.99,0,0
52_1,0.350126653800217,0,0
52_2,0.3165267811162242,0,0
52_3,0.99,0,0
52_4,0.99,0,0
52_5,0.0,0,0
52_6,0.99,0,0
52_7,0.31584363542228827,0,0
52_8,0.99,0,0
52_9,0.0,0,0
52_10,0.3645447794922107,0,0
52_11,0.44925650588185395,0,0
52_12,0.99,0,0
52_13,0.28220270723684115,0,0
52_14,0.99,0,0
52_15,0.99,0,0
52_16,0.3981126085090628,0,0
52_17,0.422036149953209,0,0
52_18,0.99,0,0
52_19,0.0,0,0
52_20,0.0,0,0
52_21,0.0,0,0
52_22,0.99,0,0
52_23,0.0,0,0
52_24,0.4714045207909296,0,0
52_25,0.0,0,0
52_26,0.36735071817494214,0,0
52_27,0.35494275776576933,0,0
52_28,0.99,0,0
52_29,0.99,0,0
52_30,0.0,0,0
52_31,0.99,0,0
52_32,0.28020188581254935,0,0
52_33,0.99,0,0
52_34,0.31139987422158627,0,0
52_35,0.3627576859627913,0,0
52_36,0.99,0,0
53_0,0.99,0,0
53_1,0.99,0,0
53_2,0.3974466311838521,0,0
53_3,0.99,0,0
53_4,0.28342221482812585,0,0
53_5,0.0,0,0
53_6,0.3998474733555715,0,0
53_7,0.39743125984092037,0,0
53_8,0.99,0,0
53_9,0.0,0,0
53_10,0.99,0,0
53_11,0.99,0,0
53_12,0.0,0,0
53_13,0.38386786893948316,0,0
53_14,0.3330329117714395,0,0
53_15,0.99,0,0
53_16,0.0,0,0
53_17,0.43837918682624527,0,0
53_18,0.28417270913040954,0,0
53_19,0.0,0,0
53_20,0.0,0,0
53_21,0.0,0,0
53_22,0.99,0,0
53_23,0.0,0,0
53_24,0.34992710611191974,0,0
53_25,0.0,0,0
53_26,0.99,0,0
53_27,0.358598176434819,0,0
53_28,0.3730975860571161,0,0
53_29,0.99,1,1
53_30,0.0,0,0
53_31,0.4189693756701813,0,0
53_32,0.328717590716715,0,0
53_33,0.474885936565174,0,0
53_34,0.2748523284095215,0,0
53_35,0.328717590716715,0,0
53_36,0.30775646789826483,0,0
